participant_id	session_id	modality	desc	path
sub-pixar001	1	T1w	n/a	source/sub-pixar001/anat/sub-pixar001_T1w.nii.gz
sub-pixar002	1	T1w	n/a	source/sub-pixar002/anat/sub-pixar002_T1w.nii.gz
sub-pixar003	1	T1w	n/a	source/sub-pixar003/anat/sub-pixar003_T1w.nii.gz
sub-pixar004	1	T1w	n/a	source/sub-pixar004/anat/sub-pixar004_T1w.nii.gz
sub-pixar005	1	T1w	n/a	source/sub-pixar005/anat/sub-pixar005_T1w.nii.gz
sub-pixar006	1	T1w	n/a	source/sub-pixar006/anat/sub-pixar006_T1w.nii.gz
sub-pixar007	1	T1w	n/a	source/sub-pixar007/anat/sub-pixar007_T1w.nii.gz
sub-pixar008	1	T1w	n/a	source/sub-pixar008/anat/sub-pixar008_T1w.nii.gz
sub-pixar009	1	T1w	n/a	source/sub-pixar009/anat/sub-pixar009_T1w.nii.gz
sub-pixar010	1	T1w	n/a	source/sub-pixar010/anat/sub-pixar010_T1w.nii.gz
sub-pixar011	1	T1w	n/a	source/sub-pixar011/anat/sub-pixar011_T1w.nii.gz
sub-pixar012	1	T1w	n/a	source/sub-pixar012/anat/sub-pixar012_T1w.nii.gz
sub-pixar013	1	T1w	n/a	source/sub-pixar013/anat/sub-pixar013_T1w.nii.gz
sub-pixar014	1	T1w	n/a	source/sub-pixar014/anat/sub-pixar014_T1w.nii.gz
sub-pixar015	1	T1w	n/a	source/sub-pixar015/anat/sub-pixar015_T1w.nii.gz
sub-pixar016	1	T1w	n/a	source/sub-pixar016/anat/sub-pixar016_T1w.nii.gz
sub-pixar017	1	T1w	n/a	source/sub-pixar017/anat/sub-pixar017_T1w.nii.gz
sub-pixar018	1	T1w	n/a	source/sub-pixar018/anat/sub-pixar018_T1w.nii.gz
sub-pixar019	1	T1w	n/a	source/sub-pixar019/anat/sub-pixar019_T1w.nii.gz
sub-pixar020	1	T1w	n/a	source/sub-pixar020/anat/sub-pixar020_T1w.nii.gz
sub-pixar021	1	T1w	n/a	source/sub-pixar021/anat/sub-pixar021_T1w.nii.gz
sub-pixar022	1	T1w	n/a	source/sub-pixar022/anat/sub-pixar022_T1w.nii.gz
sub-pixar023	1	T1w	n/a	source/sub-pixar023/anat/sub-pixar023_T1w.nii.gz
sub-pixar024	1	T1w	n/a	source/sub-pixar024/anat/sub-pixar024_T1w.nii.gz
sub-pixar025	1	T1w	n/a	source/sub-pixar025/anat/sub-pixar025_T1w.nii.gz
sub-pixar026	1	T1w	n/a	source/sub-pixar026/anat/sub-pixar026_T1w.nii.gz
sub-pixar027	1	T1w	n/a	source/sub-pixar027/anat/sub-pixar027_T1w.nii.gz
sub-pixar028	1	T1w	n/a	source/sub-pixar028/anat/sub-pixar028_T1w.nii.gz
sub-pixar029	1	T1w	n/a	source/sub-pixar029/anat/sub-pixar029_T1w.nii.gz
sub-pixar030	1	T1w	n/a	source/sub-pixar030/anat/sub-pixar030_T1w.nii.gz
sub-pixar031	1	T1w	n/a	source/sub-pixar031/anat/sub-pixar031_T1w.nii.gz
sub-pixar032	1	T1w	n/a	source/sub-pixar032/anat/sub-pixar032_T1w.nii.gz
sub-pixar033	1	T1w	n/a	source/sub-pixar033/anat/sub-pixar033_T1w.nii.gz
sub-pixar034	1	T1w	n/a	source/sub-pixar034/anat/sub-pixar034_T1w.nii.gz
sub-pixar035	1	T1w	n/a	source/sub-pixar035/anat/sub-pixar035_T1w.nii.gz
sub-pixar036	1	T1w	n/a	source/sub-pixar036/anat/sub-pixar036_T1w.nii.gz
sub-pixar037	1	T1w	n/a	source/sub-pixar037/anat/sub-pixar037_T1w.nii.gz
sub-pixar038	1	T1w	n/a	source/sub-pixar038/anat/sub-pixar038_T1w.nii.gz
sub-pixar039	1	T1w	n/a	source/sub-pixar039/anat/sub-pixar039_T1w.nii.gz
sub-pixar040	1	T1w	n/a	source/sub-pixar040/anat/sub-pixar040_T1w.nii.gz
sub-pixar041	1	T1w	n/a	source/sub-pixar041/anat/sub-pixar041_T1w.nii.gz
sub-pixar042	1	T1w	n/a	source/sub-pixar042/anat/sub-pixar042_T1w.nii.gz
sub-pixar043	1	T1w	n/a	source/sub-pixar043/anat/sub-pixar043_T1w.nii.gz
sub-pixar044	1	T1w	n/a	source/sub-pixar044/anat/sub-pixar044_T1w.nii.gz
sub-pixar045	1	T1w	n/a	source/sub-pixar045/anat/sub-pixar045_T1w.nii.gz
sub-pixar046	1	T1w	n/a	source/sub-pixar046/anat/sub-pixar046_T1w.nii.gz
sub-pixar047	1	T1w	n/a	source/sub-pixar047/anat/sub-pixar047_T1w.nii.gz
sub-pixar048	1	T1w	n/a	source/sub-pixar048/anat/sub-pixar048_T1w.nii.gz
sub-pixar049	1	T1w	n/a	source/sub-pixar049/anat/sub-pixar049_T1w.nii.gz
sub-pixar050	1	T1w	n/a	source/sub-pixar050/anat/sub-pixar050_T1w.nii.gz
sub-pixar051	1	T1w	n/a	source/sub-pixar051/anat/sub-pixar051_T1w.nii.gz
sub-pixar052	1	T1w	n/a	source/sub-pixar052/anat/sub-pixar052_T1w.nii.gz
sub-pixar053	1	T1w	n/a	source/sub-pixar053/anat/sub-pixar053_T1w.nii.gz
sub-pixar054	1	T1w	n/a	source/sub-pixar054/anat/sub-pixar054_T1w.nii.gz
sub-pixar055	1	T1w	n/a	source/sub-pixar055/anat/sub-pixar055_T1w.nii.gz
sub-pixar056	1	T1w	n/a	source/sub-pixar056/anat/sub-pixar056_T1w.nii.gz
sub-pixar057	1	T1w	n/a	source/sub-pixar057/anat/sub-pixar057_T1w.nii.gz
sub-pixar058	1	T1w	n/a	source/sub-pixar058/anat/sub-pixar058_T1w.nii.gz
sub-pixar059	1	T1w	n/a	source/sub-pixar059/anat/sub-pixar059_T1w.nii.gz
sub-pixar060	1	T1w	n/a	source/sub-pixar060/anat/sub-pixar060_T1w.nii.gz
sub-pixar061	1	T1w	n/a	source/sub-pixar061/anat/sub-pixar061_T1w.nii.gz
sub-pixar062	1	T1w	n/a	source/sub-pixar062/anat/sub-pixar062_T1w.nii.gz
sub-pixar063	1	T1w	n/a	source/sub-pixar063/anat/sub-pixar063_T1w.nii.gz
sub-pixar064	1	T1w	n/a	source/sub-pixar064/anat/sub-pixar064_T1w.nii.gz
sub-pixar065	1	T1w	n/a	source/sub-pixar065/anat/sub-pixar065_T1w.nii.gz
sub-pixar066	1	T1w	n/a	source/sub-pixar066/anat/sub-pixar066_T1w.nii.gz
sub-pixar067	1	T1w	n/a	source/sub-pixar067/anat/sub-pixar067_T1w.nii.gz
sub-pixar068	1	T1w	n/a	source/sub-pixar068/anat/sub-pixar068_T1w.nii.gz
sub-pixar069	1	T1w	n/a	source/sub-pixar069/anat/sub-pixar069_T1w.nii.gz
sub-pixar070	1	T1w	n/a	source/sub-pixar070/anat/sub-pixar070_T1w.nii.gz
sub-pixar071	1	T1w	n/a	source/sub-pixar071/anat/sub-pixar071_T1w.nii.gz
sub-pixar072	1	T1w	n/a	source/sub-pixar072/anat/sub-pixar072_T1w.nii.gz
sub-pixar073	1	T1w	n/a	source/sub-pixar073/anat/sub-pixar073_T1w.nii.gz
sub-pixar074	1	T1w	n/a	source/sub-pixar074/anat/sub-pixar074_T1w.nii.gz
sub-pixar075	1	T1w	n/a	source/sub-pixar075/anat/sub-pixar075_T1w.nii.gz
sub-pixar076	1	T1w	n/a	source/sub-pixar076/anat/sub-pixar076_T1w.nii.gz
sub-pixar077	1	T1w	n/a	source/sub-pixar077/anat/sub-pixar077_T1w.nii.gz
sub-pixar078	1	T1w	n/a	source/sub-pixar078/anat/sub-pixar078_T1w.nii.gz
sub-pixar079	1	T1w	n/a	source/sub-pixar079/anat/sub-pixar079_T1w.nii.gz
sub-pixar080	1	T1w	n/a	source/sub-pixar080/anat/sub-pixar080_T1w.nii.gz
sub-pixar081	1	T1w	n/a	source/sub-pixar081/anat/sub-pixar081_T1w.nii.gz
sub-pixar082	1	T1w	n/a	source/sub-pixar082/anat/sub-pixar082_T1w.nii.gz
sub-pixar083	1	T1w	n/a	source/sub-pixar083/anat/sub-pixar083_T1w.nii.gz
sub-pixar084	1	T1w	n/a	source/sub-pixar084/anat/sub-pixar084_T1w.nii.gz
sub-pixar085	1	T1w	n/a	source/sub-pixar085/anat/sub-pixar085_T1w.nii.gz
sub-pixar086	1	T1w	n/a	source/sub-pixar086/anat/sub-pixar086_T1w.nii.gz
sub-pixar087	1	T1w	n/a	source/sub-pixar087/anat/sub-pixar087_T1w.nii.gz
sub-pixar088	1	T1w	n/a	source/sub-pixar088/anat/sub-pixar088_T1w.nii.gz
sub-pixar089	1	T1w	n/a	source/sub-pixar089/anat/sub-pixar089_T1w.nii.gz
sub-pixar090	1	T1w	n/a	source/sub-pixar090/anat/sub-pixar090_T1w.nii.gz
sub-pixar091	1	T1w	n/a	source/sub-pixar091/anat/sub-pixar091_T1w.nii.gz
sub-pixar092	1	T1w	n/a	source/sub-pixar092/anat/sub-pixar092_T1w.nii.gz
sub-pixar093	1	T1w	n/a	source/sub-pixar093/anat/sub-pixar093_T1w.nii.gz
sub-pixar094	1	T1w	n/a	source/sub-pixar094/anat/sub-pixar094_T1w.nii.gz
sub-pixar095	1	T1w	n/a	source/sub-pixar095/anat/sub-pixar095_T1w.nii.gz
sub-pixar096	1	T1w	n/a	source/sub-pixar096/anat/sub-pixar096_T1w.nii.gz
sub-pixar097	1	T1w	n/a	source/sub-pixar097/anat/sub-pixar097_T1w.nii.gz
sub-pixar098	1	T1w	n/a	source/sub-pixar098/anat/sub-pixar098_T1w.nii.gz
sub-pixar099	1	T1w	n/a	source/sub-pixar099/anat/sub-pixar099_T1w.nii.gz
sub-pixar100	1	T1w	n/a	source/sub-pixar100/anat/sub-pixar100_T1w.nii.gz
sub-pixar101	1	T1w	n/a	source/sub-pixar101/anat/sub-pixar101_T1w.nii.gz
sub-pixar102	1	T1w	n/a	source/sub-pixar102/anat/sub-pixar102_T1w.nii.gz
sub-pixar103	1	T1w	n/a	source/sub-pixar103/anat/sub-pixar103_T1w.nii.gz
sub-pixar104	1	T1w	n/a	source/sub-pixar104/anat/sub-pixar104_T1w.nii.gz
sub-pixar105	1	T1w	n/a	source/sub-pixar105/anat/sub-pixar105_T1w.nii.gz
sub-pixar106	1	T1w	n/a	source/sub-pixar106/anat/sub-pixar106_T1w.nii.gz
sub-pixar107	1	T1w	n/a	source/sub-pixar107/anat/sub-pixar107_T1w.nii.gz
sub-pixar108	1	T1w	n/a	source/sub-pixar108/anat/sub-pixar108_T1w.nii.gz
sub-pixar109	1	T1w	n/a	source/sub-pixar109/anat/sub-pixar109_T1w.nii.gz
sub-pixar110	1	T1w	n/a	source/sub-pixar110/anat/sub-pixar110_T1w.nii.gz
sub-pixar111	1	T1w	n/a	source/sub-pixar111/anat/sub-pixar111_T1w.nii.gz
sub-pixar112	1	T1w	n/a	source/sub-pixar112/anat/sub-pixar112_T1w.nii.gz
sub-pixar113	1	T1w	n/a	source/sub-pixar113/anat/sub-pixar113_T1w.nii.gz
sub-pixar114	1	T1w	n/a	source/sub-pixar114/anat/sub-pixar114_T1w.nii.gz
sub-pixar115	1	T1w	n/a	source/sub-pixar115/anat/sub-pixar115_T1w.nii.gz
sub-pixar116	1	T1w	n/a	source/sub-pixar116/anat/sub-pixar116_T1w.nii.gz
sub-pixar117	1	T1w	n/a	source/sub-pixar117/anat/sub-pixar117_T1w.nii.gz
sub-pixar118	1	T1w	n/a	source/sub-pixar118/anat/sub-pixar118_T1w.nii.gz
sub-pixar119	1	T1w	n/a	source/sub-pixar119/anat/sub-pixar119_T1w.nii.gz
sub-pixar120	1	T1w	n/a	source/sub-pixar120/anat/sub-pixar120_T1w.nii.gz
sub-pixar121	1	T1w	n/a	source/sub-pixar121/anat/sub-pixar121_T1w.nii.gz
sub-pixar122	1	T1w	n/a	source/sub-pixar122/anat/sub-pixar122_T1w.nii.gz
sub-pixar123	1	T1w	n/a	source/sub-pixar123/anat/sub-pixar123_T1w.nii.gz
sub-pixar124	1	T1w	n/a	source/sub-pixar124/anat/sub-pixar124_T1w.nii.gz
sub-pixar125	1	T1w	n/a	source/sub-pixar125/anat/sub-pixar125_T1w.nii.gz
sub-pixar126	1	T1w	n/a	source/sub-pixar126/anat/sub-pixar126_T1w.nii.gz
sub-pixar127	1	T1w	n/a	source/sub-pixar127/anat/sub-pixar127_T1w.nii.gz
sub-pixar128	1	T1w	n/a	source/sub-pixar128/anat/sub-pixar128_T1w.nii.gz
sub-pixar129	1	T1w	n/a	source/sub-pixar129/anat/sub-pixar129_T1w.nii.gz
sub-pixar130	1	T1w	n/a	source/sub-pixar130/anat/sub-pixar130_T1w.nii.gz
sub-pixar131	1	T1w	n/a	source/sub-pixar131/anat/sub-pixar131_T1w.nii.gz
sub-pixar132	1	T1w	n/a	source/sub-pixar132/anat/sub-pixar132_T1w.nii.gz
sub-pixar133	1	T1w	n/a	source/sub-pixar133/anat/sub-pixar133_T1w.nii.gz
sub-pixar134	1	T1w	n/a	source/sub-pixar134/anat/sub-pixar134_T1w.nii.gz
sub-pixar135	1	T1w	n/a	source/sub-pixar135/anat/sub-pixar135_T1w.nii.gz
sub-pixar136	1	T1w	n/a	source/sub-pixar136/anat/sub-pixar136_T1w.nii.gz
sub-pixar137	1	T1w	n/a	source/sub-pixar137/anat/sub-pixar137_T1w.nii.gz
sub-pixar138	1	T1w	n/a	source/sub-pixar138/anat/sub-pixar138_T1w.nii.gz
sub-pixar139	1	T1w	n/a	source/sub-pixar139/anat/sub-pixar139_T1w.nii.gz
sub-pixar140	1	T1w	n/a	source/sub-pixar140/anat/sub-pixar140_T1w.nii.gz
sub-pixar141	1	T1w	n/a	source/sub-pixar141/anat/sub-pixar141_T1w.nii.gz
sub-pixar142	1	T1w	n/a	source/sub-pixar142/anat/sub-pixar142_T1w.nii.gz
sub-pixar143	1	T1w	n/a	source/sub-pixar143/anat/sub-pixar143_T1w.nii.gz
sub-pixar144	1	T1w	n/a	source/sub-pixar144/anat/sub-pixar144_T1w.nii.gz
sub-pixar145	1	T1w	n/a	source/sub-pixar145/anat/sub-pixar145_T1w.nii.gz
sub-pixar146	1	T1w	n/a	source/sub-pixar146/anat/sub-pixar146_T1w.nii.gz
sub-pixar147	1	T1w	n/a	source/sub-pixar147/anat/sub-pixar147_T1w.nii.gz
sub-pixar148	1	T1w	n/a	source/sub-pixar148/anat/sub-pixar148_T1w.nii.gz
sub-pixar149	1	T1w	n/a	source/sub-pixar149/anat/sub-pixar149_T1w.nii.gz
sub-pixar150	1	T1w	n/a	source/sub-pixar150/anat/sub-pixar150_T1w.nii.gz
sub-pixar151	1	T1w	n/a	source/sub-pixar151/anat/sub-pixar151_T1w.nii.gz
sub-pixar152	1	T1w	n/a	source/sub-pixar152/anat/sub-pixar152_T1w.nii.gz
sub-pixar153	1	T1w	n/a	source/sub-pixar153/anat/sub-pixar153_T1w.nii.gz
sub-pixar154	1	T1w	n/a	source/sub-pixar154/anat/sub-pixar154_T1w.nii.gz
sub-pixar155	1	T1w	n/a	source/sub-pixar155/anat/sub-pixar155_T1w.nii.gz
