participant_id	session_id	age	sex	site	age_group	child_adult	handedness	tom_booklet_matched	tom_booklet_matched_nofb	fb_composite	fb_group	wppsi_bd_raw	wppsi_bd_scaled	kbit_raw	kbit_standard	dccs_summary	scanner	coil
sub-pixar001	1	4.774811773	M	MIT	4yo	child	R	0.8	0.736842105	6	pass	22	13	n/a	n/a	3	3T1	7-8yo 32ch
sub-pixar002	1	4.856947296	F	MIT	4yo	child	R	0.72	0.736842105	4	inc	18	9	n/a	n/a	2	3T1	7-8yo 32ch
sub-pixar003	1	4.153319644	F	MIT	4yo	child	R	0.44	0.421052632	3	inc	15	9	n/a	n/a	3	3T1	7-8yo 32ch
sub-pixar004	1	4.473648186	F	MIT	4yo	child	R	0.64	0.736842105	2	fail	17	10	n/a	n/a	3	3T1	7-8yo 32ch
sub-pixar005	1	4.837782341	F	MIT	4yo	child	R	0.6	0.578947368	4	inc	13	5	n/a	n/a	2	3T1	7-8yo 32ch
sub-pixar006	1	3.605749487	F	MIT	3yo	child	R	0.52	0.526315789	3	inc	9	6	n/a	n/a	2	3T1	7-8yo 32ch
sub-pixar007	1	4.249144422	M	MIT	4yo	child	R	0.454545455	0.5	2	fail	8	3	n/a	n/a	1	3T2	7-8yo 32ch
sub-pixar008	1	3.529089665	F	MIT	3yo	child	R	0.625	0.611111111	4	inc	16	11	n/a	n/a	3	3T1	7-8yo 32ch
sub-pixar009	1	3.518138261	M	MIT	3yo	child	R	0.416666667	0.5	1	fail	12	8	n/a	n/a	1	3T2	5-6yo 32ch
sub-pixar010	1	4.358658453	M	MIT	4yo	child	R	0.72	0.842105263	2	fail	18	10	n/a	n/a	2	3T2	5-6yo 32ch
sub-pixar011	1	3.983572895	F	MIT	3yo	child	R	0.428571429	0.375	3	inc	18	12	n/a	n/a	0	3T1	7-8yo 32ch
sub-pixar012	1	3.786447639	F	MIT	3yo	child	R	0.36	0.421052632	1	fail	19	13	n/a	n/a	2	3T2	7-8yo 32ch
sub-pixar013	1	3.849418207	M	MIT	3yo	child	R	0.818181818	0.75	6	pass	19	13	n/a	n/a	2	3T2	5-6yo 32ch
sub-pixar014	1	3.635865845	M	MIT	3yo	child	R	0.72	0.684210526	5	pass	16	11	n/a	n/a	2	3T1	7-8yo 32ch
sub-pixar015	1	4.76659822	F	MIT	4yo	child	R	0.88	0.842105263	6	pass	22	14	n/a	n/a	2	3T2	7-8yo 32ch
sub-pixar016	1	3.622176591	M	MIT	3yo	child	R	0.52	0.631578947	1	fail	18	13	n/a	n/a	1	3T1	7-8yo 32ch
sub-pixar017	1	3.613963039	F	MIT	3yo	child	L	0.347826087	0.411764706	1	fail	11	7	n/a	n/a	0	3T1	7-8yo 32ch
sub-pixar018	1	4.577686516	M	MIT	4yo	child	R	0.56	0.578947368	3	inc	15	7	n/a	n/a	2	3T1	7-8yo 32ch
sub-pixar019	1	3.969883641	M	MIT	3yo	child	R	0.347826087	0.470588235	0	fail	21	15	n/a	n/a	2	3T2	7-8yo 32ch
sub-pixar020	1	3.594798084	M	MIT	3yo	child	L	0.52	0.631578947	1	fail	12	8	n/a	n/a	2	3T2	7-8yo 32ch
sub-pixar021	1	4.364134155	F	MIT	4yo	child	R	0.56	0.578947368	3	inc	17	10	n/a	n/a	2	3T2	7-8yo 32ch
sub-pixar022	1	3.822039699	F	MIT	3yo	child	R	0.36	0.315789474	3	inc	n/a	n/a	n/a	n/a	n/a	3T2	7-8yo 32ch
sub-pixar023	1	3.865845311	F	MIT	3yo	child	R	0.8	0.789473684	5	pass	17	11	n/a	n/a	2	3T2	7-8yo 32ch
sub-pixar024	1	4.057494867	M	MIT	4yo	child	R	0.64	0.578947368	5	pass	18	11	n/a	n/a	2	3T1	7-8yo 32ch
sub-pixar025	1	3.93155373	F	MIT	3yo	child	R	0.76	0.736842105	5	pass	16	10	n/a	n/a	3	3T2	7-8yo 32ch
sub-pixar026	1	3.93155373	F	MIT	3yo	child	R	0.6	0.736842105	1	fail	16	10	n/a	n/a	2	3T2	7-8yo 32ch
sub-pixar027	1	3.989048597	F	MIT	3yo	child	R	0.4	0.526315789	0	fail	12	7	n/a	n/a	1	3T2	7-8yo 32ch
sub-pixar028	1	3.534565366	M	MIT	3yo	child	R	0.24	0.315789474	0	fail	16	11	n/a	n/a	3	3T2	7-8yo 32ch
sub-pixar029	1	4.309377139	M	MIT	4yo	child	Ambi	0.56	0.526315789	4	inc	15	8	n/a	n/a	3	3T2	7-8yo 32ch
sub-pixar030	1	4.156057495	F	MIT	4yo	child	R	0.68	0.684210526	4	inc	23	16	n/a	n/a	3	3T1	7-8yo 32ch
sub-pixar031	1	4.084873374	F	MIT	4yo	child	R	0.291666667	0.333333333	1	fail	16	10	n/a	n/a	2	3T2	7-8yo 32ch
sub-pixar032	1	5.43	F	MIT	5yo	child	R	0.590909091	0.625	3	inc	n/a	n/a	20	112	2	3T1	32ch adult
sub-pixar033	1	5.81	M	MIT	5yo	child	R	0.681818182	0.6875	4	inc	n/a	n/a	15	92	2	3T2	32ch adult
sub-pixar034	1	5.99	M	MIT	5yo	child	R	0.818181818	0.8125	5	pass	n/a	n/a	32	138	2	3T2	32ch adult
sub-pixar035	1	5.99	M	MIT	5yo	child	R	0.909090909	0.875	6	pass	n/a	n/a	17	99	3	3T2	32ch adult
sub-pixar036	1	5.39	F	MIT	5yo	child	R	0.818181818	0.75	6	pass	n/a	n/a	16	100	3	3T2	32ch adult
sub-pixar037	1	5.52	M	MIT	5yo	child	R	0.818181818	0.875	4	inc	n/a	n/a	18	106	2	3T2	32ch adult
sub-pixar038	1	5.55	F	MIT	5yo	child	R	0.681818182	0.625	5	pass	n/a	n/a	19	109	2	3T2	32ch adult
sub-pixar039	1	5.54	M	MIT	5yo	child	R	0.761904762	0.666666667	6	pass	n/a	n/a	18	106	2	3T1	32ch adult
sub-pixar040	1	5.29	M	MIT	5yo	child	L	0.5	0.5	3	inc	n/a	n/a	15	100	2	3T1	32ch adult
sub-pixar041	1	5.49	M	MIT	5yo	child	R	0.772727273	0.6875	6	pass	n/a	n/a	24	121	2	3T2	32ch adult
sub-pixar042	1	5.01	F	MIT	5yo	child	L	0.681818182	0.75	3	inc	n/a	n/a	18	110	2	3T2	32ch adult
sub-pixar043	1	5.79	M	MIT	5yo	child	Ambi	0.863636364	0.875	5	pass	n/a	n/a	30	141	3	3T2	32ch adult
sub-pixar044	1	5.76	M	MIT	5yo	child	R	0.727272727	0.6875	5	pass	n/a	n/a	15	92	2	3T2	32ch adult
sub-pixar045	1	5.18	M	MIT	5yo	child	L	0.590909091	0.75	1	fail	n/a	n/a	20	116	2	3T1	32ch adult
sub-pixar046	1	5.97	F	MIT	5yo	child	R	0.590909091	0.625	3	inc	n/a	n/a	20	108	3	3T1	32ch adult
sub-pixar047	1	5.47	F	MIT	5yo	child	R	0.863636364	0.8125	6	pass	n/a	n/a	14	92	2	3T1	32ch adult
sub-pixar048	1	5.99	M	MIT	5yo	child	R	0.818181818	0.75	6	pass	n/a	n/a	25	120	2	3T1	32ch adult
sub-pixar049	1	5.23	M	MIT	5yo	child	R	0.590909091	0.625	3	inc	n/a	n/a	17	107	3	3T1	32ch adult
sub-pixar050	1	5.31	F	MIT	5yo	child	R	0.772727273	0.75	5	pass	n/a	n/a	20	116	3	3T2	32ch adult
sub-pixar051	1	5.38	M	MIT	5yo	child	R	0.818181818	0.75	6	pass	n/a	n/a	19	109	2	3T2	32ch adult
sub-pixar052	1	5.46	F	MIT	5yo	child	R	0.681818182	0.625	5	pass	n/a	n/a	27	130	2	3T2	32ch adult
sub-pixar053	1	5.46	M	MIT	5yo	child	R	0.818181818	0.8125	5	pass	n/a	n/a	21	114	2	3T2	32ch adult
sub-pixar054	1	5.99	M	MIT	5yo	child	R	0.909090909	0.9375	5	pass	n/a	n/a	36	148	3	3T1	32ch adult
sub-pixar055	1	5.82	M	MIT	5yo	child	L	0.863636364	0.8125	6	pass	n/a	n/a	20	108	3	3T1	32ch adult
sub-pixar056	1	5.26	F	MIT	5yo	child	R	0.545454545	0.4375	5	pass	n/a	n/a	19	113	2	3T2	32ch adult
sub-pixar057	1	5.66	F	MIT	5yo	child	R	0.863636364	0.875	5	pass	n/a	n/a	20	112	2	3T1	32ch adult
sub-pixar058	1	5.13	F	MIT	5yo	child	R	0.363636364	0.25	4	inc	n/a	n/a	14	97	2	3T1	32ch adult
sub-pixar059	1	5.51	F	MIT	5yo	child	L	0.681818182	0.625	5	pass	n/a	n/a	18	106	3	3T2	32ch adult
sub-pixar060	1	5.12	F	MIT	5yo	child	R	0.954545455	0.9375	6	pass	n/a	n/a	15	100	3	3T2	32ch adult
sub-pixar061	1	5.56	F	MIT	5yo	child	Ambi	0.727272727	0.6875	5	pass	n/a	n/a	21	114	2	3T1	32ch adult
sub-pixar062	1	5.46	F	MIT	5yo	child	R	0.772727273	0.75	5	pass	n/a	n/a	23	118	2	3T2	32ch adult
sub-pixar063	1	5.33	M	MIT	5yo	child	L	0.318181818	0.375	1	fail	n/a	n/a	16	104	2	3T1	32ch adult
sub-pixar064	1	5.44	M	MIT	5yo	child	R	0.545454545	0.5625	3	inc	n/a	n/a	26	127	3	3T2	32ch adult
sub-pixar065	1	5.02	F	MIT	5yo	child	R	0.909090909	0.9375	5	pass	n/a	n/a	21	114	2	3T1	32ch adult
sub-pixar066	1	7.0	F	MIT	7yo	child	R	0.818181818	0.875	4	inc	n/a	n/a	31	123	n/a	3T2	32ch adult
sub-pixar067	1	7.92	F	MIT	7yo	child	R	0.909090909	0.875	6	pass	n/a	n/a	33	124	n/a	3T2	32ch adult
sub-pixar068	1	7.92	F	MIT	7yo	child	R	0.863636364	0.875	5	pass	n/a	n/a	38	137	n/a	3T2	32ch adult
sub-pixar069	1	7.96	M	MIT	7yo	child	R	0.909090909	0.875	6	pass	n/a	n/a	16	79	n/a	3T2	32ch adult
sub-pixar070	1	7.15	F	MIT	7yo	child	R	0.909090909	0.875	6	pass	n/a	n/a	30	120	n/a	3T1	32ch adult
sub-pixar071	1	7.13	M	MIT	7yo	child	R	0.684210526	0.6	4	inc	n/a	n/a	30	120	n/a	3T1	32ch adult
sub-pixar072	1	7.91	F	MIT	7yo	child	R	0.909090909	0.875	6	pass	n/a	n/a	26	108	n/a	3T2	32ch adult
sub-pixar073	1	7.95	F	MIT	7yo	child	R	0.818181818	0.75	6	pass	n/a	n/a	42	147	n/a	3T1	32ch adult
sub-pixar074	1	7.95	M	MIT	7yo	child	R	0.863636364	0.8125	6	pass	n/a	n/a	40	143	n/a	3T1	32ch adult
sub-pixar075	1	7.83	M	MIT	7yo	child	R	0.818181818	0.8125	5	pass	n/a	n/a	26	108	n/a	3T1	32ch adult
sub-pixar076	1	7.06	M	MIT	7yo	child	R	0.909090909	0.875	6	pass	n/a	n/a	17	87	n/a	3T2	32ch adult
sub-pixar077	1	9.45	M	MIT	8-12yo	child	R	1.0	1.0	6	pass	n/a	n/a	42	139	n/a	3T2	32ch adult
sub-pixar078	1	8.6	F	MIT	8-12yo	child	R	0.863636364	0.875	5	pass	n/a	n/a	44	149	n/a	3T2	32ch adult
sub-pixar079	1	7.07	M	MIT	7yo	child	R	0.818181818	0.8125	5	pass	n/a	n/a	17	87	n/a	3T1	32ch adult
sub-pixar080	1	7.91	M	MIT	7yo	child	R	0.909090909	0.875	6	pass	n/a	n/a	38	137	n/a	3T1	32ch adult
sub-pixar081	1	7.91	F	MIT	7yo	child	R	0.909090909	0.875	6	pass	n/a	n/a	30	116	n/a	3T1	32ch adult
sub-pixar082	1	9.76	F	MIT	8-12yo	child	R	0.818181818	0.75	6	pass	n/a	n/a	34	114	n/a	3T2	32ch adult
sub-pixar083	1	7.28	F	MIT	7yo	child	R	0.909090909	0.875	6	pass	n/a	n/a	30	120	n/a	3T2	32ch adult
sub-pixar084	1	7.1	M	MIT	7yo	child	R	0.727272727	0.75	4	inc	n/a	n/a	23	105	n/a	3T2	32ch adult
sub-pixar085	1	9.48	F	MIT	8-12yo	child	R	0.909090909	0.875	6	pass	n/a	n/a	31	109	n/a	3T1	32ch adult
sub-pixar086	1	7.46	F	MIT	7yo	child	R	1.0	1.0	6	pass	n/a	n/a	33	125	n/a	3T2	32ch adult
sub-pixar087	1	9.96	M	MIT	8-12yo	child	R	1.0	1.0	6	pass	n/a	n/a	39	128	n/a	3T1	32ch adult
sub-pixar088	1	7.71	M	MIT	7yo	child	R	0.863636364	0.875	5	pass	n/a	n/a	27	110	n/a	3T1	32ch adult
sub-pixar089	1	8.02	M	MIT	8-12yo	child	R	0.818181818	0.75	6	pass	n/a	n/a	40	141	n/a	3T1	32ch adult
sub-pixar090	1	8.15	M	MIT	8-12yo	child	R	0.947368421	0.928571429	5	pass	n/a	n/a	34	125	n/a	3T2	32ch adult
sub-pixar091	1	9.7	M	MIT	8-12yo	child	R	0.909090909	0.875	6	pass	n/a	n/a	36	119	n/a	3T2	32ch adult
sub-pixar092	1	8.48	M	MIT	8-12yo	child	R	0.947368421	0.928571429	5	pass	n/a	n/a	35	127	n/a	3T2	32ch adult
sub-pixar093	1	8.59	F	MIT	8-12yo	child	R	0.818181818	0.8125	5	pass	n/a	n/a	37	130	n/a	3T1	32ch adult
sub-pixar094	1	9.52	F	MIT	8-12yo	child	R	1.0	1.0	6	pass	n/a	n/a	34	115	n/a	3T2	32ch adult
sub-pixar095	1	9.94	F	MIT	8-12yo	child	R	1.0	1.0	6	pass	n/a	n/a	41	134	n/a	3T2	32ch adult
sub-pixar096	1	7.13	F	MIT	7yo	child	R	0.772727273	0.75	5	pass	n/a	n/a	29	118	n/a	3T1	32ch adult
sub-pixar097	1	8.87	F	MIT	8-12yo	child	L	0.958333333	0.944444444	6	pass	n/a	n/a	33	119	n/a	3T1	32ch adult
sub-pixar098	1	10.19	M	MIT	8-12yo	child	R	1.0	1.0	6	pass	n/a	n/a	36	117	n/a	3T1	32ch adult
sub-pixar099	1	7.66	M	MIT	7yo	child	R	1.0	1.0	6	pass	n/a	n/a	28	113	n/a	3T1	32ch adult
sub-pixar100	1	9.59	M	MIT	8-12yo	child	R	0.96	1.0	5	pass	n/a	n/a	29	103	n/a	3T1	32ch adult
sub-pixar101	1	11.17	M	MIT	8-12yo	child	R	0.96	0.947368421	6	pass	n/a	n/a	43	132	n/a	3T1	32ch adult
sub-pixar102	1	11.17	F	MIT	8-12yo	child	R	1.0	1.0	6	pass	n/a	n/a	35	110	n/a	3T1	32ch adult
sub-pixar103	1	10.55	M	MIT	8-12yo	child	R	0.96	0.947368421	6	pass	n/a	n/a	36	115	n/a	3T1	32ch adult
sub-pixar104	1	8.57	F	MIT	8-12yo	child	R	1.0	1.0	6	pass	n/a	n/a	38	133	n/a	3T1	32ch adult
sub-pixar105	1	8.66	M	MIT	8-12yo	child	R	0.916666667	0.888888889	6	pass	n/a	n/a	30	114	n/a	3T1	32ch adult
sub-pixar106	1	8.02	M	MIT	8-12yo	child	R	0.8	0.789473684	5	pass	n/a	n/a	31	116	n/a	3T1	32ch adult
sub-pixar107	1	11.51	M	MIT	8-12yo	child	R	1.0	1.0	6	pass	n/a	n/a	34	106	n/a	3T1	32ch adult
sub-pixar108	1	10.7	F	MIT	8-12yo	child	R	0.96	0.947368421	6	pass	n/a	n/a	32	104	n/a	3T1	32ch adult
sub-pixar109	1	10.38	F	MIT	8-12yo	child	R	0.96	0.947368421	6	pass	n/a	n/a	30	100	n/a	3T1	32ch adult
sub-pixar110	1	10.78	F	MIT	8-12yo	child	R	1.0	1.0	6	pass	n/a	n/a	38	122	n/a	3T1	32ch adult
sub-pixar111	1	8.62	F	MIT	8-12yo	child	R	1.0	1.0	6	pass	n/a	n/a	37	130	n/a	3T1	32ch adult
sub-pixar112	1	12.05	M	MIT	8-12yo	child	R	1.0	1.0	6	pass	n/a	n/a	37	113	n/a	3T1	32ch adult
sub-pixar113	1	10.29	F	MIT	8-12yo	child	R	1.0	1.0	6	pass	n/a	n/a	34	112	n/a	3T1	32ch adult
sub-pixar114	1	7.43	M	MIT	7yo	child	R	0.88	0.894736842	5	pass	n/a	n/a	32	122	n/a	3T1	32ch adult
sub-pixar115	1	9.68	F	MIT	8-12yo	child	R	1.0	1.0	6	pass	n/a	n/a	29	103	n/a	3T1	32ch adult
sub-pixar116	1	7.68	F	MIT	7yo	child	R	0.92	0.947368421	5	pass	n/a	n/a	30	117	n/a	3T1	32ch adult
sub-pixar117	1	12.3	M	MIT	8-12yo	child	R	1.0	1.0	6	pass	n/a	n/a	38	116	n/a	3T1	32ch adult
sub-pixar118	1	10.5	F	MIT	8-12yo	child	R	1.0	1.0	6	pass	n/a	n/a	37	119	n/a	3T1	32ch adult
sub-pixar119	1	8.62	F	MIT	8-12yo	child	R	1.0	1.0	5	pass	n/a	n/a	33	121	n/a	3T1	32ch adult
sub-pixar120	1	11.48	F	MIT	8-12yo	child	R	1.0	1.0	5	pass	n/a	n/a	38	117	n/a	3T1	32ch adult
sub-pixar121	1	8.76	F	MIT	8-12yo	child	R	1.0	1.0	6	pass	n/a	n/a	37	130	n/a	3T1	32ch adult
sub-pixar122	1	7.21	M	MIT	7yo	child	R	1.0	1.0	6	pass	n/a	n/a	31	119	n/a	3T1	32ch adult
sub-pixar123	1	27.06	F	MIT	Adult	adult	R	n/a	n/a	n/a	n/a	n/a	n/a	n/a	n/a	n/a	3T1	32ch adult
sub-pixar124	1	33.44	M	MIT	Adult	adult	R	n/a	n/a	n/a	n/a	n/a	n/a	n/a	n/a	n/a	3T1	32ch adult
sub-pixar125	1	31.0	M	MIT	Adult	adult	R	n/a	n/a	n/a	n/a	n/a	n/a	n/a	n/a	n/a	3T1	32ch adult
sub-pixar126	1	19.0	F	MIT	Adult	adult	R	n/a	n/a	n/a	n/a	n/a	n/a	n/a	n/a	n/a	3T1	32ch adult
sub-pixar127	1	23.0	F	MIT	Adult	adult	R	n/a	n/a	n/a	n/a	n/a	n/a	n/a	n/a	n/a	3T1	32ch adult
sub-pixar128	1	27.0	M	MIT	Adult	adult	R	n/a	n/a	n/a	n/a	n/a	n/a	n/a	n/a	n/a	3T1	32ch adult
sub-pixar129	1	23.0	F	MIT	Adult	adult	R	n/a	n/a	n/a	n/a	n/a	n/a	n/a	n/a	n/a	3T1	32ch adult
sub-pixar130	1	21.0	F	MIT	Adult	adult	R	n/a	n/a	n/a	n/a	n/a	n/a	n/a	n/a	n/a	3T1	32ch adult
sub-pixar131	1	39.0	M	MIT	Adult	adult	R	n/a	n/a	n/a	n/a	n/a	n/a	n/a	n/a	n/a	3T1	32ch adult
sub-pixar132	1	22.0	F	MIT	Adult	adult	R	n/a	n/a	n/a	n/a	n/a	n/a	n/a	n/a	n/a	3T1	32ch adult
sub-pixar133	1	21.0	M	MIT	Adult	adult	R	n/a	n/a	n/a	n/a	n/a	n/a	n/a	n/a	n/a	3T1	32ch adult
sub-pixar134	1	25.0	M	MIT	Adult	adult	R	n/a	n/a	n/a	n/a	n/a	n/a	n/a	n/a	n/a	3T1	32ch adult
sub-pixar135	1	21.0	F	MIT	Adult	adult	R	n/a	n/a	n/a	n/a	n/a	n/a	n/a	n/a	n/a	3T1	32ch adult
sub-pixar136	1	25.0	F	MIT	Adult	adult	R	n/a	n/a	n/a	n/a	n/a	n/a	n/a	n/a	n/a	3T1	32ch adult
sub-pixar137	1	34.0	F	MIT	Adult	adult	R	n/a	n/a	n/a	n/a	n/a	n/a	n/a	n/a	n/a	3T1	32ch adult
sub-pixar138	1	28.0	F	MIT	Adult	adult	R	n/a	n/a	n/a	n/a	n/a	n/a	n/a	n/a	n/a	3T1	32ch adult
sub-pixar139	1	18.0	F	MIT	Adult	adult	R	n/a	n/a	n/a	n/a	n/a	n/a	n/a	n/a	n/a	3T1	32ch adult
sub-pixar140	1	19.0	M	MIT	Adult	adult	R	n/a	n/a	n/a	n/a	n/a	n/a	n/a	n/a	n/a	3T1	32ch adult
sub-pixar141	1	22.0	F	MIT	Adult	adult	R	n/a	n/a	n/a	n/a	n/a	n/a	n/a	n/a	n/a	3T1	32ch adult
sub-pixar142	1	33.0	F	MIT	Adult	adult	R	n/a	n/a	n/a	n/a	n/a	n/a	n/a	n/a	n/a	3T2	32ch adult
sub-pixar143	1	22.0	F	MIT	Adult	adult	R	n/a	n/a	n/a	n/a	n/a	n/a	n/a	n/a	n/a	3T1	32ch adult
sub-pixar144	1	20.0	F	MIT	Adult	adult	R	n/a	n/a	n/a	n/a	n/a	n/a	n/a	n/a	n/a	3T1	32ch adult
sub-pixar145	1	22.0	F	MIT	Adult	adult	R	n/a	n/a	n/a	n/a	n/a	n/a	n/a	n/a	n/a	3T1	32ch adult
sub-pixar146	1	18.0	M	MIT	Adult	adult	R	n/a	n/a	n/a	n/a	n/a	n/a	n/a	n/a	n/a	3T1	32ch adult
sub-pixar147	1	21.0	M	MIT	Adult	adult	L	n/a	n/a	n/a	n/a	n/a	n/a	n/a	n/a	n/a	3T1	32ch adult
sub-pixar148	1	31.0	M	MIT	Adult	adult	R	n/a	n/a	n/a	n/a	n/a	n/a	n/a	n/a	n/a	3T1	32ch adult
sub-pixar149	1	24.0	F	MIT	Adult	adult	R	n/a	n/a	n/a	n/a	n/a	n/a	n/a	n/a	n/a	3T1	32ch adult
sub-pixar150	1	19.0	F	MIT	Adult	adult	R	n/a	n/a	n/a	n/a	n/a	n/a	n/a	n/a	n/a	3T1	32ch adult
sub-pixar151	1	23.0	F	MIT	Adult	adult	R	n/a	n/a	n/a	n/a	n/a	n/a	n/a	n/a	n/a	3T1	32ch adult
sub-pixar152	1	21.0	F	MIT	Adult	adult	R	n/a	n/a	n/a	n/a	n/a	n/a	n/a	n/a	n/a	3T1	32ch adult
sub-pixar153	1	30.0	M	MIT	Adult	adult	R	n/a	n/a	n/a	n/a	n/a	n/a	n/a	n/a	n/a	3T1	32ch adult
sub-pixar154	1	29.0	M	MIT	Adult	adult	R	n/a	n/a	n/a	n/a	n/a	n/a	n/a	n/a	n/a	3T1	32ch adult
sub-pixar155	1	26.0	M	MIT	Adult	adult	R	n/a	n/a	n/a	n/a	n/a	n/a	n/a	n/a	n/a	3T1	32ch adult
