participant_id	session_id	age	sex	site	site_folder	diagnosis	dsm_iv_tr	handedness	fiq	viq	piq	ados_total	ados_gotham_severity	srs_raw_total	current_med_status
sub-0050002	1	16.77	M	PITT	Pitt	ASD	autism	Ambi	103.0	116.0	89.0	12.0	n/a	n/a	False
sub-0050003	1	24.45	M	PITT	Pitt	ASD	autism	R	124.0	128.0	115.0	13.0	n/a	n/a	True
sub-0050004	1	19.09	M	PITT	Pitt	ASD	autism	R	113.0	108.0	117.0	18.0	n/a	n/a	False
sub-0050005	1	13.73	F	PITT	Pitt	ASD	autism	R	119.0	117.0	118.0	12.0	n/a	n/a	True
sub-0050006	1	13.37	M	PITT	Pitt	ASD	autism	L	109.0	99.0	119.0	12.0	n/a	n/a	False
sub-0050007	1	17.78	M	PITT	Pitt	ASD	autism	R	110.0	106.0	112.0	17.0	n/a	n/a	False
sub-0050008	1	32.45	M	PITT	Pitt	ASD	autism	R	123.0	123.0	114.0	16.0	n/a	n/a	True
sub-0050009	1	33.86	M	PITT	Pitt	ASD	autism	R	126.0	118.0	128.0	10.0	n/a	n/a	True
sub-0050010	1	35.2	M	PITT	Pitt	ASD	autism	L	81.0	81.0	93.0	n/a	n/a	n/a	False
sub-0050011	1	16.93	M	PITT	Pitt	ASD	autism	L	111.0	101.0	120.0	13.0	n/a	n/a	False
sub-0050012	1	21.48	M	PITT	Pitt	ASD	autism	R	128.0	119.0	128.0	12.0	n/a	n/a	False
sub-0050013	1	9.33	M	PITT	Pitt	ASD	autism	R	86.0	89.0	87.0	12.0	n/a	n/a	False
sub-0050014	1	14.2	M	PITT	Pitt	ASD	autism	R	96.0	97.0	96.0	16.0	n/a	n/a	True
sub-0050015	1	14.2	M	PITT	Pitt	ASD	autism	R	99.0	98.0	99.0	19.0	n/a	n/a	False
sub-0050016	1	21.82	M	PITT	Pitt	ASD	autism	R	123.0	120.0	119.0	10.0	n/a	n/a	False
sub-0050017	1	22.7	M	PITT	Pitt	ASD	autism	R	87.0	91.0	86.0	17.0	n/a	n/a	False
sub-0050019	1	27.81	M	PITT	Pitt	ASD	autism	R	100.0	89.0	111.0	13.0	n/a	n/a	True
sub-0050020	1	20.83	M	PITT	Pitt	ASD	autism	R	100.0	120.0	83.0	n/a	n/a	n/a	True
sub-0050022	1	16.99	M	PITT	Pitt	ASD	autism	R	119.0	110.0	110.0	12.0	n/a	n/a	False
sub-0050023	1	12.64	F	PITT	Pitt	ASD	autism	R	97.0	83.0	111.0	n/a	n/a	n/a	False
sub-0050024	1	22.64	M	PITT	Pitt	ASD	autism	R	127.0	121.0	126.0	11.0	n/a	n/a	False
sub-0050025	1	31.72	M	PITT	Pitt	ASD	autism	R	131.0	132.0	123.0	8.0	n/a	n/a	False
sub-0050026	1	16.28	M	PITT	Pitt	ASD	autism	R	87.0	90.0	88.0	13.0	n/a	n/a	True
sub-0050027	1	12.24	M	PITT	Pitt	ASD	autism	R	98.0	98.0	98.0	11.0	n/a	n/a	False
sub-0050028	1	12.74	M	PITT	Pitt	ASD	autism	R	126.0	112.0	128.0	n/a	n/a	n/a	False
sub-0050029	1	11.4	F	PITT	Pitt	ASD	autism	R	106.0	109.0	100.0	13.0	n/a	n/a	False
sub-0050030	1	25.12	M	PITT	Pitt	TDC	control	n/a	105.0	100.0	108.0	n/a	n/a	n/a	False
sub-0050031	1	12.92	M	PITT	Pitt	TDC	control	R	106.0	102.0	107.0	n/a	n/a	n/a	False
sub-0050032	1	19.8	M	PITT	Pitt	TDC	control	R	119.0	116.0	119.0	n/a	n/a	n/a	False
sub-0050033	1	12.15	M	PITT	Pitt	TDC	control	R	98.0	98.0	96.0	n/a	n/a	n/a	False
sub-0050034	1	14.77	M	PITT	Pitt	TDC	control	R	97.0	98.0	96.0	n/a	n/a	n/a	False
sub-0050035	1	17.36	M	PITT	Pitt	TDC	control	R	107.0	109.0	102.0	n/a	n/a	n/a	False
sub-0050036	1	13.28	F	PITT	Pitt	TDC	control	R	103.0	94.0	112.0	n/a	n/a	n/a	False
sub-0050037	1	19.16	M	PITT	Pitt	TDC	control	R	115.0	112.0	115.0	n/a	n/a	n/a	False
sub-0050038	1	13.95	F	PITT	Pitt	TDC	control	R	130.0	132.0	121.0	n/a	n/a	n/a	False
sub-0050039	1	30.66	M	PITT	Pitt	TDC	control	R	118.0	110.0	123.0	n/a	n/a	n/a	False
sub-0050040	1	24.6	M	PITT	Pitt	TDC	control	R	110.0	109.0	108.0	n/a	n/a	n/a	False
sub-0050041	1	27.92	M	PITT	Pitt	TDC	control	R	103.0	108.0	96.0	n/a	n/a	n/a	False
sub-0050042	1	33.17	M	PITT	Pitt	TDC	control	R	109.0	111.0	104.0	n/a	n/a	n/a	False
sub-0050043	1	13.78	M	PITT	Pitt	TDC	control	R	113.0	115.0	107.0	n/a	n/a	n/a	False
sub-0050044	1	17.13	M	PITT	Pitt	TDC	control	R	110.0	117.0	102.0	n/a	n/a	n/a	False
sub-0050045	1	15.7	M	PITT	Pitt	TDC	control	R	114.0	115.0	109.0	n/a	n/a	n/a	False
sub-0050046	1	20.65	M	PITT	Pitt	TDC	control	R	100.0	88.0	111.0	n/a	n/a	n/a	False
sub-0050047	1	15.35	M	PITT	Pitt	TDC	control	R	103.0	95.0	109.0	n/a	n/a	n/a	False
sub-0050048	1	11.81	M	PITT	Pitt	TDC	control	R	107.0	98.0	117.0	n/a	n/a	n/a	False
sub-0050049	1	15.82	F	PITT	Pitt	TDC	control	R	100.0	96.0	103.0	n/a	n/a	n/a	False
sub-0050050	1	14.37	M	PITT	Pitt	TDC	control	L	113.0	104.0	121.0	n/a	n/a	n/a	False
sub-0050051	1	12.83	M	PITT	Pitt	TDC	control	R	107.0	101.0	110.0	n/a	n/a	n/a	False
sub-0050052	1	33.24	M	PITT	Pitt	TDC	control	R	122.0	123.0	115.0	n/a	n/a	n/a	False
sub-0050053	1	12.03	M	PITT	Pitt	ASD	autism	R	122.0	119.0	119.0	9.0	n/a	n/a	False
sub-0050054	1	9.44	M	PITT	Pitt	TDC	control	R	95.0	99.0	90.0	n/a	n/a	n/a	False
sub-0050055	1	16.99	M	PITT	Pitt	ASD	autism	R	111.0	108.0	112.0	8.0	n/a	n/a	True
sub-0050056	1	13.59	M	PITT	Pitt	ASD	autism	R	113.0	101.0	125.0	8.0	n/a	n/a	False
sub-0050057	1	12.62	F	PITT	Pitt	ASD	autism	R	124.0	115.0	128.0	7.0	n/a	n/a	False
sub-0050058	1	23.1	M	PITT	Pitt	TDC	control	R	127.0	128.0	119.0	n/a	n/a	n/a	False
sub-0050059	1	21.22	F	PITT	Pitt	TDC	control	R	117.0	109.0	121.0	n/a	n/a	n/a	False
sub-0050060	1	20.34	M	PITT	Pitt	TDC	control	R	126.0	122.0	119.0	n/a	n/a	n/a	False
sub-0050102	1	14.0	M	OLIN	Olin	TDC	control	R	103.0	n/a	n/a	n/a	n/a	n/a	n/a
sub-0050103	1	14.0	M	OLIN	Olin	TDC	control	R	106.0	n/a	n/a	n/a	n/a	n/a	n/a
sub-0050104	1	16.0	M	OLIN	Olin	TDC	control	R	125.0	n/a	n/a	n/a	n/a	n/a	n/a
sub-0050105	1	17.0	M	OLIN	Olin	TDC	control	R	100.0	n/a	n/a	n/a	n/a	n/a	n/a
sub-0050106	1	10.0	M	OLIN	Olin	TDC	control	R	129.0	n/a	n/a	n/a	n/a	n/a	n/a
sub-0050107	1	21.0	M	OLIN	Olin	TDC	control	R	132.0	n/a	n/a	n/a	n/a	n/a	n/a
sub-0050108	1	21.0	M	OLIN	Olin	TDC	control	R	131.0	n/a	n/a	n/a	n/a	n/a	n/a
sub-0050109	1	20.0	M	OLIN	Olin	TDC	control	R	102.0	n/a	n/a	n/a	n/a	n/a	n/a
sub-0050110	1	13.0	M	OLIN	Olin	TDC	control	R	79.0	n/a	n/a	n/a	n/a	n/a	n/a
sub-0050111	1	14.0	M	OLIN	Olin	TDC	control	R	118.0	n/a	n/a	n/a	n/a	n/a	n/a
sub-0050112	1	17.0	M	OLIN	Olin	TDC	control	R	102.0	n/a	n/a	n/a	n/a	n/a	n/a
sub-0050113	1	15.0	F	OLIN	Olin	TDC	control	R	100.0	n/a	n/a	n/a	n/a	n/a	n/a
sub-0050114	1	20.0	F	OLIN	Olin	TDC	control	R	127.0	n/a	n/a	n/a	n/a	n/a	n/a
sub-0050115	1	23.0	M	OLIN	Olin	TDC	control	L	135.0	n/a	n/a	n/a	n/a	n/a	n/a
sub-0050116	1	15.0	M	OLIN	Olin	TDC	control	R	115.0	n/a	n/a	n/a	n/a	n/a	n/a
sub-0050117	1	21.0	M	OLIN	Olin	TDC	control	L	135.0	n/a	n/a	n/a	n/a	n/a	n/a
sub-0050118	1	15.0	M	OLIN	Olin	ASD	control	R	80.0	n/a	n/a	14.0	n/a	n/a	True
sub-0050119	1	19.0	F	OLIN	Olin	ASD	control	R	132.0	n/a	n/a	8.0	n/a	n/a	n/a
sub-0050120	1	15.0	M	OLIN	Olin	ASD	control	R	103.0	n/a	n/a	17.0	n/a	n/a	True
sub-0050121	1	20.0	M	OLIN	Olin	ASD	control	R	118.0	n/a	n/a	17.0	n/a	n/a	False
sub-0050122	1	12.0	M	OLIN	Olin	ASD	control	L	112.0	n/a	n/a	14.0	9.0	n/a	True
sub-0050123	1	17.0	M	OLIN	Olin	ASD	control	R	135.0	n/a	n/a	15.0	n/a	n/a	True
sub-0050124	1	18.0	M	OLIN	Olin	ASD	control	R	100.0	n/a	n/a	14.0	n/a	n/a	False
sub-0050125	1	24.0	F	OLIN	Olin	ASD	control	R	n/a	n/a	n/a	9.0	n/a	n/a	False
sub-0050126	1	17.0	M	OLIN	Olin	ASD	control	R	133.0	n/a	n/a	8.0	n/a	n/a	False
sub-0050127	1	14.0	F	OLIN	Olin	ASD	control	R	115.0	n/a	n/a	11.0	n/a	n/a	True
sub-0050128	1	16.0	M	OLIN	Olin	ASD	control	R	114.0	n/a	n/a	15.0	n/a	n/a	True
sub-0050129	1	12.0	M	OLIN	Olin	ASD	control	R	108.0	n/a	n/a	19.0	9.0	n/a	True
sub-0050130	1	18.0	M	OLIN	Olin	ASD	control	R	129.0	n/a	n/a	7.0	n/a	n/a	True
sub-0050131	1	21.0	M	OLIN	Olin	ASD	control	L	71.0	n/a	n/a	19.0	n/a	n/a	False
sub-0050132	1	16.0	M	OLIN	Olin	ASD	control	R	n/a	n/a	n/a	19.0	n/a	n/a	True
sub-0050133	1	11.0	M	OLIN	Olin	ASD	control	R	112.0	n/a	n/a	20.0	n/a	n/a	True
sub-0050134	1	18.0	M	OLIN	Olin	ASD	control	L	124.0	n/a	n/a	12.0	n/a	n/a	n/a
sub-0050135	1	12.0	M	OLIN	Olin	ASD	control	L	97.0	n/a	n/a	18.0	9.0	n/a	False
sub-0050136	1	19.0	M	OLIN	Olin	ASD	control	R	131.0	n/a	n/a	12.0	n/a	n/a	False
sub-0050137	1	20.0	M	OLIN	Olin	ASD	control	R	120.0	n/a	n/a	14.0	n/a	n/a	n/a
sub-0050142	1	13.99	M	OHSU	OHSU	ASD	n/a	L	124.0	n/a	n/a	7.0	n/a	n/a	n/a
sub-0050143	1	13.79	M	OHSU	OHSU	ASD	n/a	R	130.0	n/a	n/a	14.0	n/a	n/a	n/a
sub-0050144	1	10.22	M	OHSU	OHSU	ASD	n/a	R	110.0	n/a	n/a	13.0	n/a	n/a	n/a
sub-0050145	1	10.75	M	OHSU	OHSU	ASD	n/a	R	82.0	n/a	n/a	9.0	n/a	n/a	n/a
sub-0050146	1	8.0	M	OHSU	OHSU	ASD	n/a	R	132.0	n/a	n/a	7.0	n/a	n/a	n/a
sub-0050147	1	11.35	M	OHSU	OHSU	ASD	n/a	R	128.0	n/a	n/a	4.0	n/a	n/a	n/a
sub-0050148	1	12.65	M	OHSU	OHSU	ASD	n/a	R	69.6	n/a	n/a	9.0	n/a	n/a	n/a
sub-0050149	1	12.32	M	OHSU	OHSU	ASD	n/a	R	107.6	n/a	n/a	5.0	n/a	n/a	n/a
sub-0050150	1	9.42	M	OHSU	OHSU	ASD	n/a	R	77.2	n/a	n/a	14.0	n/a	n/a	n/a
sub-0050152	1	9.73	M	OHSU	OHSU	ASD	n/a	R	105.7	n/a	n/a	8.0	n/a	n/a	n/a
sub-0050153	1	9.72	M	OHSU	OHSU	ASD	n/a	R	100.0	n/a	n/a	11.0	n/a	n/a	n/a
sub-0050155	1	14.42	M	OHSU	OHSU	ASD	n/a	R	n/a	n/a	n/a	15.0	n/a	n/a	n/a
sub-0050156	1	15.23	M	OHSU	OHSU	ASD	n/a	R	n/a	n/a	n/a	10.0	n/a	n/a	n/a
sub-0050157	1	10.5	M	OHSU	OHSU	TDC	n/a	R	104.0	n/a	n/a	n/a	n/a	n/a	n/a
sub-0050158	1	11.55	M	OHSU	OHSU	TDC	n/a	R	106.0	n/a	n/a	n/a	n/a	n/a	n/a
sub-0050159	1	10.29	M	OHSU	OHSU	TDC	n/a	R	132.0	n/a	n/a	n/a	n/a	n/a	n/a
sub-0050160	1	11.45	M	OHSU	OHSU	TDC	n/a	R	112.0	n/a	n/a	n/a	n/a	n/a	n/a
sub-0050161	1	9.15	M	OHSU	OHSU	TDC	n/a	R	104.0	n/a	n/a	n/a	n/a	n/a	n/a
sub-0050162	1	8.94	M	OHSU	OHSU	TDC	n/a	R	120.0	n/a	n/a	n/a	n/a	n/a	n/a
sub-0050163	1	9.4	M	OHSU	OHSU	TDC	n/a	R	118.7	n/a	n/a	n/a	n/a	n/a	n/a
sub-0050164	1	8.86	M	OHSU	OHSU	TDC	n/a	R	122.0	n/a	n/a	n/a	n/a	n/a	n/a
sub-0050165	1	9.69	M	OHSU	OHSU	TDC	n/a	R	126.0	n/a	n/a	n/a	n/a	n/a	n/a
sub-0050166	1	8.2	M	OHSU	OHSU	TDC	n/a	R	126.0	n/a	n/a	n/a	n/a	n/a	n/a
sub-0050167	1	10.08	M	OHSU	OHSU	TDC	n/a	R	115.2	n/a	n/a	n/a	n/a	n/a	n/a
sub-0050168	1	9.69	M	OHSU	OHSU	TDC	n/a	R	105.7	n/a	n/a	n/a	n/a	n/a	n/a
sub-0050169	1	11.99	M	OHSU	OHSU	TDC	n/a	R	130.0	n/a	n/a	n/a	n/a	n/a	n/a
sub-0050170	1	10.53	M	OHSU	OHSU	TDC	n/a	R	94.0	n/a	n/a	n/a	n/a	n/a	n/a
sub-0050171	1	10.64	M	OHSU	OHSU	TDC	n/a	R	120.0	n/a	n/a	n/a	n/a	n/a	n/a
sub-0050182	1	16.61	M	SDSU	SDSU	ASD	asperger	R	115.0	113.0	114.0	7.0	n/a	n/a	False
sub-0050183	1	14.14	M	SDSU	SDSU	ASD	autism	R	139.0	128.0	140.0	17.0	n/a	n/a	False
sub-0050184	1	17.15	M	SDSU	SDSU	ASD	asperger	R	141.0	147.0	126.0	7.0	6.0	n/a	False
sub-0050185	1	12.44	F	SDSU	SDSU	ASD	autism	R	94.0	88.0	101.0	16.0	n/a	n/a	False
sub-0050186	1	12.13	M	SDSU	SDSU	ASD	asperger	R	112.0	109.0	110.0	19.0	n/a	n/a	False
sub-0050187	1	16.48	M	SDSU	SDSU	ASD	asperger	R	113.0	119.0	104.0	10.0	n/a	n/a	False
sub-0050188	1	15.4	M	SDSU	SDSU	ASD	n/a	R	126.0	116.0	129.0	12.0	8.0	n/a	False
sub-0050189	1	16.64	M	SDSU	SDSU	ASD	asperger	R	115.0	109.0	117.0	10.0	4.0	n/a	False
sub-0050190	1	13.99	M	SDSU	SDSU	ASD	asperger	R	124.0	125.0	118.0	9.0	n/a	n/a	False
sub-0050191	1	12.63	M	SDSU	SDSU	ASD	n/a	R	114.0	125.0	101.0	10.0	n/a	n/a	False
sub-0050192	1	12.99	M	SDSU	SDSU	ASD	autism	R	85.0	93.0	81.0	13.0	n/a	n/a	False
sub-0050193	1	14.75	M	SDSU	SDSU	TDC	control	R	112.0	108.0	114.0	n/a	n/a	n/a	False
sub-0050194	1	13.35	M	SDSU	SDSU	TDC	control	L	110.0	104.0	116.0	n/a	n/a	n/a	False
sub-0050195	1	12.58	M	SDSU	SDSU	TDC	control	R	123.0	111.0	129.0	n/a	n/a	n/a	False
sub-0050196	1	12.91	M	SDSU	SDSU	TDC	control	R	110.0	116.0	103.0	n/a	n/a	n/a	False
sub-0050197	1	14.98	M	SDSU	SDSU	TDC	control	R	109.0	109.0	106.0	n/a	n/a	n/a	False
sub-0050198	1	15.28	M	SDSU	SDSU	TDC	control	R	121.0	117.0	120.0	n/a	n/a	n/a	False
sub-0050199	1	15.53	M	SDSU	SDSU	TDC	control	R	100.0	107.0	92.0	n/a	n/a	n/a	False
sub-0050200	1	13.88	M	SDSU	SDSU	TDC	control	R	108.0	107.0	106.0	n/a	n/a	n/a	False
sub-0050201	1	13.77	F	SDSU	SDSU	TDC	control	R	98.0	106.0	90.0	n/a	n/a	n/a	False
sub-0050202	1	12.08	M	SDSU	SDSU	TDC	control	R	100.0	87.0	114.0	n/a	n/a	n/a	False
sub-0050203	1	16.05	M	SDSU	SDSU	TDC	control	L	117.0	117.0	114.0	n/a	n/a	n/a	False
sub-0050204	1	14.86	M	SDSU	SDSU	TDC	control	R	100.0	89.0	110.0	n/a	n/a	n/a	False
sub-0050205	1	14.1	F	SDSU	SDSU	TDC	control	R	109.0	105.0	112.0	n/a	n/a	n/a	False
sub-0050206	1	8.67	F	SDSU	SDSU	TDC	control	R	112.0	119.0	103.0	n/a	n/a	n/a	False
sub-0050207	1	16.06	M	SDSU	SDSU	ASD	PDD-NOS	R	81.0	83.0	84.0	n/a	n/a	n/a	True
sub-0050208	1	13.78	F	SDSU	SDSU	TDC	control	R	93.0	103.0	86.0	n/a	n/a	n/a	False
sub-0050209	1	16.57	M	SDSU	SDSU	TDC	control	L	126.0	126.0	120.0	n/a	n/a	n/a	False
sub-0050210	1	16.6	M	SDSU	SDSU	TDC	control	R	123.0	114.0	126.0	n/a	n/a	n/a	False
sub-0050211	1	16.13	M	SDSU	SDSU	TDC	control	R	105.0	112.0	96.0	n/a	n/a	n/a	False
sub-0050212	1	13.81	M	SDSU	SDSU	ASD	asperger	L	100.0	88.0	112.0	11.0	8.0	n/a	False
sub-0050213	1	12.38	F	SDSU	SDSU	TDC	control	R	88.0	93.0	88.0	n/a	n/a	n/a	False
sub-0050214	1	14.76	M	SDSU	SDSU	TDC	control	R	93.0	87.0	101.0	n/a	n/a	n/a	False
sub-0050215	1	16.88	F	SDSU	SDSU	TDC	control	R	117.0	110.0	120.0	n/a	n/a	n/a	False
sub-0050216	1	15.6	M	SDSU	SDSU	ASD	PDD-NOS	R	100.0	99.0	99.0	4.0	n/a	n/a	False
sub-0050217	1	12.9	M	SDSU	SDSU	TDC	control	R	104.0	100.0	106.0	n/a	n/a	n/a	False
sub-0050232	1	23.08	M	TRINITY	Trinity	ASD	PDD-NOS	R	115.0	123.0	103.0	9.0	n/a	n/a	False
sub-0050233	1	20.75	M	TRINITY	Trinity	ASD	PDD-NOS	R	135.0	131.0	131.0	7.0	n/a	n/a	False
sub-0050234	1	15.66	M	TRINITY	Trinity	ASD	PDD-NOS	R	111.0	104.0	117.0	10.0	n/a	n/a	False
sub-0050235	1	15.33	M	TRINITY	Trinity	ASD	PDD-NOS	R	119.0	122.0	111.0	10.0	n/a	n/a	False
sub-0050236	1	19.16	M	TRINITY	Trinity	ASD	PDD-NOS	R	118.0	109.0	123.0	8.0	n/a	n/a	False
sub-0050237	1	21.42	M	TRINITY	Trinity	ASD	PDD-NOS	R	118.0	109.0	116.0	17.0	n/a	n/a	False
sub-0050238	1	18.92	M	TRINITY	Trinity	ASD	PDD-NOS	R	120.0	129.0	108.0	8.0	n/a	n/a	False
sub-0050239	1	17.03	M	TRINITY	Trinity	ASD	autism	R	97.0	92.0	102.0	11.0	n/a	n/a	False
sub-0050240	1	15.05	M	TRINITY	Trinity	ASD	asperger	R	132.0	135.0	121.0	9.0	n/a	n/a	False
sub-0050241	1	17.17	M	TRINITY	Trinity	ASD	autism	R	89.0	95.0	87.0	10.0	n/a	n/a	False
sub-0050242	1	12.75	M	TRINITY	Trinity	ASD	autism	R	117.0	116.0	117.0	7.0	n/a	n/a	False
sub-0050243	1	13.75	M	TRINITY	Trinity	ASD	autism	R	90.0	98.0	88.0	9.0	n/a	n/a	False
sub-0050244	1	25.91	M	TRINITY	Trinity	ASD	asperger	R	106.0	103.0	106.0	8.0	n/a	n/a	False
sub-0050245	1	21.58	M	TRINITY	Trinity	ASD	autism	R	72.0	85.0	63.0	12.0	n/a	n/a	False
sub-0050246	1	19.5	M	TRINITY	Trinity	ASD	autism	R	105.0	108.0	99.0	16.0	n/a	n/a	False
sub-0050247	1	12.0	M	TRINITY	Trinity	ASD	asperger	R	103.0	99.0	n/a	7.0	n/a	n/a	False
sub-0050248	1	13.58	M	TRINITY	Trinity	ASD	autism	R	117.0	112.0	117.0	15.0	n/a	n/a	False
sub-0050249	1	13.83	M	TRINITY	Trinity	ASD	autism	R	98.0	98.0	99.0	13.0	n/a	n/a	False
sub-0050250	1	13.91	M	TRINITY	Trinity	ASD	autism	R	99.0	99.0	98.0	11.0	n/a	n/a	False
sub-0050251	1	17.25	M	TRINITY	Trinity	ASD	autism	R	122.0	119.0	119.0	14.0	n/a	n/a	False
sub-0050252	1	15.25	M	TRINITY	Trinity	ASD	asperger	R	94.0	87.0	102.0	8.0	n/a	n/a	False
sub-0050253	1	18.01	M	TRINITY	Trinity	ASD	asperger	R	99.0	90.0	106.0	11.0	n/a	n/a	False
sub-0050254	1	19.41	M	TRINITY	Trinity	ASD	asperger	R	121.0	123.0	114.0	13.0	n/a	n/a	False
sub-0050255	1	14.41	M	TRINITY	Trinity	ASD	asperger	R	125.0	119.0	126.0	10.0	n/a	n/a	False
sub-0050257	1	14.91	M	TRINITY	Trinity	TDC	control	R	113.0	105.0	120.0	n/a	n/a	n/a	False
sub-0050259	1	19.83	M	TRINITY	Trinity	TDC	control	R	114.0	118.0	107.0	n/a	n/a	n/a	False
sub-0050260	1	20.33	M	TRINITY	Trinity	TDC	control	R	116.0	119.0	116.0	n/a	n/a	n/a	False
sub-0050261	1	20.08	M	TRINITY	Trinity	TDC	control	R	116.0	113.0	116.0	n/a	n/a	n/a	False
sub-0050262	1	21.33	M	TRINITY	Trinity	TDC	control	R	133.0	127.0	132.0	n/a	n/a	n/a	False
sub-0050263	1	19.08	M	TRINITY	Trinity	TDC	control	R	117.0	119.0	110.0	n/a	n/a	n/a	False
sub-0050264	1	25.66	M	TRINITY	Trinity	TDC	control	R	120.0	115.0	120.0	n/a	n/a	n/a	False
sub-0050265	1	12.25	M	TRINITY	Trinity	TDC	control	R	101.0	97.0	105.0	n/a	n/a	n/a	False
sub-0050266	1	15.91	M	TRINITY	Trinity	TDC	control	R	116.0	118.0	109.0	n/a	n/a	n/a	False
sub-0050267	1	17.5	M	TRINITY	Trinity	TDC	control	R	116.0	114.0	115.0	n/a	n/a	n/a	False
sub-0050268	1	14.41	M	TRINITY	Trinity	TDC	control	R	96.0	107.0	86.0	n/a	n/a	n/a	False
sub-0050269	1	14.66	M	TRINITY	Trinity	TDC	control	R	113.0	110.0	112.0	n/a	n/a	n/a	False
sub-0050270	1	19.33	M	TRINITY	Trinity	TDC	control	R	99.0	98.0	99.0	n/a	n/a	n/a	False
sub-0050271	1	19.66	M	TRINITY	Trinity	TDC	control	R	105.0	96.0	114.0	n/a	n/a	n/a	False
sub-0050272	1	14.2	M	UM_1	UM_1	ASD	autism	R	98.5	100.0	97.0	n/a	4.0	n/a	False
sub-0050273	1	16.8	M	UM_1	UM_1	ASD	autism	R	112.5	109.0	116.0	n/a	n/a	n/a	True
sub-0050274	1	14.2	M	UM_1	UM_1	ASD	autism	R	111.5	106.0	117.0	n/a	n/a	n/a	False
sub-0050275	1	11.5	M	UM_1	UM_1	ASD	autism	L	85.0	106.0	64.0	n/a	7.0	n/a	False
sub-0050276	1	16.8	F	UM_1	UM_1	ASD	autism	n/a	146.5	145.0	148.0	n/a	n/a	n/a	False
sub-0050277	1	15.4	M	UM_1	UM_1	ASD	autism	L	107.5	96.0	119.0	n/a	8.0	n/a	False
sub-0050278	1	11.3	F	UM_1	UM_1	ASD	autism	R	107.5	93.0	122.0	n/a	7.0	n/a	False
sub-0050279	1	12.2	M	UM_1	UM_1	ASD	autism	R	87.5	75.0	100.0	n/a	10.0	n/a	False
sub-0050280	1	15.6	M	UM_1	UM_1	ASD	autism	n/a	85.0	81.0	89.0	n/a	4.0	n/a	True
sub-0050281	1	10.7	M	UM_1	UM_1	ASD	asperger	R	132.0	131.0	133.0	n/a	1.0	n/a	True
sub-0050282	1	15.2	M	UM_1	UM_1	ASD	autism	n/a	121.0	118.0	124.0	n/a	4.0	n/a	False
sub-0050283	1	11.2	M	UM_1	UM_1	ASD	autism	R	97.5	91.0	104.0	n/a	4.0	n/a	False
sub-0050284	1	11.2	F	UM_1	UM_1	ASD	asperger	R	111.0	113.0	109.0	n/a	6.0	n/a	True
sub-0050285	1	12.8	F	UM_1	UM_1	ASD	autism	R	99.5	94.0	105.0	n/a	6.0	n/a	False
sub-0050286	1	11.2	M	UM_1	UM_1	ASD	asperger	R	130.5	139.0	122.0	n/a	6.0	n/a	True
sub-0050287	1	14.4	M	UM_1	UM_1	ASD	autism	L	96.5	90.0	103.0	n/a	2.0	n/a	True
sub-0050288	1	11.1	M	UM_1	UM_1	ASD	autism	R	105.0	104.0	106.0	n/a	9.0	n/a	False
sub-0050289	1	12.9	M	UM_1	UM_1	ASD	asperger	L	105.0	100.0	110.0	n/a	4.0	n/a	False
sub-0050290	1	14.0	M	UM_1	UM_1	ASD	autism	R	108.5	103.0	114.0	n/a	3.0	n/a	False
sub-0050291	1	13.9	M	UM_1	UM_1	ASD	autism	R	96.0	98.0	94.0	n/a	6.0	n/a	n/a
sub-0050292	1	12.6	M	UM_1	UM_1	ASD	autism	R	89.5	91.0	88.0	n/a	6.0	n/a	True
sub-0050293	1	12.4	M	UM_1	UM_1	ASD	autism	R	n/a	126.0	n/a	n/a	5.0	n/a	True
sub-0050294	1	12.6	M	UM_1	UM_1	ASD	asperger	R	103.0	110.0	96.0	n/a	6.0	n/a	False
sub-0050295	1	11.5	M	UM_1	UM_1	ASD	autism	R	135.0	133.0	137.0	n/a	9.0	n/a	False
sub-0050296	1	15.1	M	UM_1	UM_1	ASD	autism	R	89.0	78.0	100.0	n/a	7.0	n/a	True
sub-0050297	1	15.9	M	UM_1	UM_1	ASD	n/a	R	125.5	141.0	110.0	n/a	8.0	n/a	False
sub-0050298	1	12.8	M	UM_1	UM_1	ASD	autism	R	101.0	121.0	81.0	n/a	10.0	n/a	True
sub-0050299	1	12.2	M	UM_1	UM_1	ASD	autism	R	87.5	96.0	79.0	n/a	7.0	n/a	True
sub-0050300	1	9.7	F	UM_1	UM_1	ASD	PDD-NOS	R	90.0	99.0	81.0	n/a	6.0	n/a	False
sub-0050301	1	16.1	M	UM_1	UM_1	ASD	autism	L	97.0	101.0	93.0	n/a	7.0	n/a	True
sub-0050302	1	10.4	F	UM_1	UM_1	ASD	n/a	R	97.0	109.0	85.0	n/a	5.0	n/a	True
sub-0050303	1	11.6	M	UM_1	UM_1	ASD	autism	R	84.0	75.0	93.0	n/a	6.0	n/a	True
sub-0050304	1	11.0	M	UM_1	UM_1	ASD	autism	n/a	96.5	99.0	94.0	n/a	6.0	n/a	n/a
sub-0050305	1	10.9	M	UM_1	UM_1	ASD	autism	R	85.0	103.0	67.0	n/a	6.0	n/a	True
sub-0050306	1	8.5	M	UM_1	UM_1	ASD	autism	R	76.0	86.0	66.0	n/a	9.0	n/a	True
sub-0050307	1	9.7	M	UM_1	UM_1	ASD	autism	Ambi	81.5	87.0	76.0	n/a	6.0	n/a	True
sub-0050308	1	8.9	M	UM_1	UM_1	ASD	autism	n/a	113.0	113.0	113.0	n/a	4.0	n/a	False
sub-0050309	1	9.5	F	UM_1	UM_1	ASD	autism	n/a	81.5	81.0	82.0	n/a	6.0	n/a	False
sub-0050310	1	9.7	M	UM_1	UM_1	ASD	autism	R	78.5	82.0	75.0	n/a	6.0	n/a	False
sub-0050311	1	9.8	M	UM_1	UM_1	ASD	autism	n/a	89.0	96.0	82.0	n/a	10.0	n/a	True
sub-0050312	1	11.2	M	UM_1	UM_1	ASD	autism	R	91.0	97.0	85.0	n/a	5.0	n/a	True
sub-0050313	1	13.4	M	UM_1	UM_1	ASD	autism	R	101.0	109.0	93.0	n/a	10.0	n/a	False
sub-0050314	1	16.1	M	UM_1	UM_1	ASD	asperger	R	126.0	127.0	125.0	n/a	8.0	n/a	False
sub-0050315	1	13.4	M	UM_1	UM_1	ASD	autism	R	118.5	126.0	111.0	n/a	6.0	n/a	False
sub-0050316	1	11.8	M	UM_1	UM_1	ASD	autism	R	109.0	125.0	93.0	n/a	7.0	n/a	n/a
sub-0050317	1	9.8	M	UM_1	UM_1	ASD	autism	R	115.0	117.0	113.0	n/a	10.0	n/a	True
sub-0050318	1	9.2	M	UM_1	UM_1	ASD	autism	L	147.5	180.0	115.0	n/a	6.0	n/a	False
sub-0050319	1	15.0	F	UM_1	UM_1	ASD	autism	R	126.0	125.0	127.0	n/a	10.0	n/a	n/a
sub-0050320	1	18.6	M	UM_1	UM_1	ASD	autism	R	108.0	89.0	127.0	n/a	10.0	n/a	True
sub-0050321	1	18.0	F	UM_1	UM_1	ASD	autism	R	98.5	116.0	81.0	n/a	7.0	n/a	True
sub-0050322	1	12.4	M	UM_1	UM_1	ASD	autism	R	92.5	103.0	82.0	n/a	7.0	n/a	True
sub-0050323	1	14.2	M	UM_1	UM_1	ASD	autism	R	125.0	135.0	115.0	n/a	8.0	n/a	True
sub-0050324	1	13.8	M	UM_1	UM_1	ASD	autism	R	124.5	136.0	113.0	n/a	7.0	n/a	False
sub-0050325	1	13.1	M	UM_1	UM_1	ASD	asperger	R	77.0	95.0	59.0	n/a	n/a	n/a	True
sub-0050326	1	12.0	M	UM_1	UM_1	ASD	autism	R	79.0	88.0	70.0	n/a	n/a	n/a	False
sub-0050327	1	15.3	M	UM_1	UM_1	TDC	control	L	111.0	107.0	115.0	n/a	n/a	n/a	False
sub-0050328	1	17.4	M	UM_1	UM_1	TDC	control	R	91.5	87.0	96.0	n/a	n/a	n/a	False
sub-0050329	1	17.1	M	UM_1	UM_1	TDC	control	R	100.0	107.0	93.0	n/a	n/a	n/a	False
sub-0050330	1	16.1	M	UM_1	UM_1	TDC	control	R	120.0	147.0	93.0	n/a	n/a	n/a	False
sub-0050331	1	17.2	M	UM_1	UM_1	TDC	control	L	n/a	138.0	n/a	n/a	n/a	n/a	False
sub-0050332	1	10.4	M	UM_1	UM_1	TDC	control	R	103.5	121.0	86.0	n/a	n/a	n/a	False
sub-0050333	1	10.2	M	UM_1	UM_1	TDC	control	R	100.5	101.0	100.0	n/a	n/a	n/a	False
sub-0050334	1	11.0	M	UM_1	UM_1	TDC	control	R	108.0	108.0	108.0	n/a	n/a	n/a	False
sub-0050335	1	17.8	M	UM_1	UM_1	TDC	control	R	108.0	120.0	96.0	n/a	n/a	n/a	False
sub-0050336	1	14.3	F	UM_1	UM_1	TDC	control	R	108.0	113.0	103.0	n/a	n/a	n/a	False
sub-0050337	1	11.8	M	UM_1	UM_1	TDC	control	R	112.0	126.0	98.0	n/a	n/a	n/a	False
sub-0050338	1	13.5	F	UM_1	UM_1	TDC	control	R	106.5	111.0	102.0	n/a	n/a	n/a	False
sub-0050339	1	18.0	M	UM_1	UM_1	TDC	control	R	n/a	119.0	n/a	n/a	n/a	n/a	False
sub-0050340	1	16.1	F	UM_1	UM_1	TDC	control	R	110.0	110.0	110.0	n/a	n/a	n/a	False
sub-0050341	1	18.2	F	UM_1	UM_1	TDC	control	R	n/a	123.0	n/a	n/a	n/a	n/a	False
sub-0050342	1	12.6	M	UM_1	UM_1	TDC	control	R	103.5	107.0	100.0	n/a	n/a	n/a	False
sub-0050343	1	13.8	F	UM_1	UM_1	TDC	control	R	124.5	136.0	113.0	n/a	n/a	n/a	False
sub-0050344	1	18.2	M	UM_1	UM_1	TDC	control	R	121.5	126.0	117.0	n/a	n/a	n/a	False
sub-0050345	1	17.3	M	UM_1	UM_1	TDC	control	R	118.5	122.0	115.0	n/a	n/a	n/a	False
sub-0050346	1	18.9	M	UM_1	UM_1	TDC	control	R	115.5	120.0	111.0	n/a	n/a	n/a	False
sub-0050347	1	15.6	M	UM_1	UM_1	TDC	control	R	122.0	129.0	115.0	n/a	n/a	n/a	True
sub-0050348	1	19.2	F	UM_1	UM_1	TDC	control	R	112.5	114.0	111.0	n/a	n/a	n/a	False
sub-0050349	1	18.9	M	UM_1	UM_1	TDC	control	R	111.0	116.0	106.0	n/a	n/a	n/a	False
sub-0050350	1	12.4	M	UM_1	UM_1	TDC	control	R	109.5	109.0	110.0	n/a	n/a	n/a	False
sub-0050351	1	16.8	M	UM_1	UM_1	TDC	control	R	116.0	107.0	125.0	n/a	n/a	n/a	False
sub-0050352	1	15.5	M	UM_1	UM_1	TDC	control	L	113.5	121.0	106.0	n/a	n/a	n/a	False
sub-0050353	1	13.1	F	UM_1	UM_1	TDC	control	R	89.0	96.0	82.0	n/a	n/a	n/a	False
sub-0050354	1	14.0	F	UM_1	UM_1	TDC	control	R	103.0	110.0	96.0	n/a	n/a	n/a	False
sub-0050355	1	10.9	M	UM_1	UM_1	TDC	control	R	127.5	138.0	117.0	n/a	n/a	n/a	False
sub-0050356	1	17.2	F	UM_1	UM_1	TDC	control	L	92.5	86.0	99.0	n/a	n/a	n/a	False
sub-0050357	1	9.5	F	UM_1	UM_1	TDC	control	R	92.5	103.0	82.0	n/a	n/a	n/a	False
sub-0050358	1	9.8	M	UM_1	UM_1	TDC	control	R	99.5	106.0	93.0	n/a	n/a	n/a	False
sub-0050359	1	10.4	M	UM_1	UM_1	TDC	control	R	85.0	95.0	75.0	n/a	n/a	n/a	False
sub-0050360	1	13.9	M	UM_1	UM_1	TDC	control	R	113.5	119.0	108.0	n/a	n/a	n/a	False
sub-0050361	1	18.3	F	UM_1	UM_1	TDC	control	n/a	106.5	100.0	113.0	n/a	n/a	n/a	False
sub-0050362	1	11.2	M	UM_1	UM_1	TDC	control	L	108.0	106.0	110.0	n/a	n/a	n/a	False
sub-0050363	1	9.8	M	UM_1	UM_1	TDC	control	R	104.5	103.0	106.0	n/a	n/a	n/a	False
sub-0050364	1	10.8	M	UM_1	UM_1	TDC	control	R	97.0	102.0	92.0	n/a	n/a	n/a	False
sub-0050365	1	15.6	M	UM_1	UM_1	TDC	control	L	106.5	98.0	115.0	n/a	n/a	n/a	False
sub-0050366	1	8.2	M	UM_1	UM_1	TDC	control	n/a	102.0	114.0	90.0	n/a	n/a	n/a	False
sub-0050367	1	10.8	M	UM_1	UM_1	TDC	control	n/a	105.0	112.0	98.0	n/a	n/a	n/a	False
sub-0050368	1	17.9	M	UM_1	UM_1	TDC	control	R	118.5	124.0	113.0	n/a	n/a	n/a	False
sub-0050369	1	14.8	F	UM_1	UM_1	TDC	control	R	96.5	97.0	96.0	n/a	n/a	n/a	False
sub-0050370	1	12.8	M	UM_1	UM_1	TDC	control	R	93.5	98.0	89.0	n/a	n/a	n/a	n/a
sub-0050371	1	12.2	M	UM_1	UM_1	TDC	control	R	97.5	123.0	72.0	n/a	n/a	n/a	n/a
sub-0050372	1	10.2	M	UM_1	UM_1	TDC	control	R	107.5	109.0	106.0	n/a	n/a	n/a	False
sub-0050373	1	17.2	F	UM_1	UM_1	TDC	control	R	94.0	94.0	94.0	n/a	n/a	n/a	False
sub-0050374	1	9.7	F	UM_1	UM_1	TDC	control	R	106.0	120.0	92.0	n/a	n/a	n/a	False
sub-0050375	1	11.6	F	UM_1	UM_1	TDC	control	R	123.5	137.0	110.0	n/a	n/a	n/a	False
sub-0050376	1	9.2	M	UM_1	UM_1	TDC	control	R	98.5	118.0	79.0	n/a	n/a	n/a	False
sub-0050377	1	11.5	M	UM_1	UM_1	TDC	control	R	113.5	129.0	98.0	n/a	n/a	n/a	False
sub-0050378	1	11.6	M	UM_1	UM_1	TDC	control	L	114.0	135.0	93.0	n/a	n/a	n/a	False
sub-0050379	1	14.3	F	UM_1	UM_1	TDC	control	R	104.0	116.0	92.0	n/a	n/a	n/a	False
sub-0050380	1	17.4	F	UM_1	UM_1	TDC	control	L	95.5	88.0	103.0	n/a	n/a	n/a	False
sub-0050381	1	16.5	M	UM_1	UM_1	TDC	control	R	114.5	121.0	108.0	n/a	n/a	n/a	False
sub-0050382	1	28.8	M	UM_2	UM_2	TDC	control	R	114.0	115.0	109.0	n/a	n/a	n/a	False
sub-0050383	1	14.4	M	UM_2	UM_2	TDC	control	R	116.0	111.0	117.0	n/a	n/a	n/a	False
sub-0050385	1	17.8	M	UM_2	UM_2	TDC	control	R	109.0	99.0	119.0	n/a	n/a	n/a	False
sub-0050386	1	17.8	M	UM_2	UM_2	TDC	control	R	129.0	126.0	119.0	n/a	n/a	n/a	False
sub-0050387	1	14.0	M	UM_2	UM_2	TDC	control	R	93.5	98.0	89.0	n/a	n/a	n/a	False
sub-0050388	1	26.8	M	UM_2	UM_2	TDC	control	R	115.0	108.0	119.0	n/a	n/a	n/a	False
sub-0050390	1	14.5	M	UM_2	UM_2	TDC	control	R	103.5	107.0	100.0	n/a	n/a	n/a	False
sub-0050391	1	17.2	M	UM_2	UM_2	TDC	control	L	113.5	121.0	106.0	n/a	n/a	n/a	False
sub-0050397	1	14.7	M	UM_2	UM_2	ASD	autism	n/a	116.0	132.0	100.0	n/a	1.0	n/a	True
sub-0050399	1	17.4	M	UM_2	UM_2	ASD	asperger	R	104.5	129.0	80.0	n/a	n/a	n/a	True
sub-0050402	1	13.1	M	UM_2	UM_2	ASD	autism	R	121.0	117.0	125.0	n/a	9.0	n/a	True
sub-0050403	1	12.8	M	UM_2	UM_2	ASD	asperger	R	120.5	126.0	115.0	n/a	4.0	n/a	True
sub-0050404	1	15.8	M	UM_2	UM_2	ASD	autism	R	129.5	132.0	127.0	n/a	6.0	n/a	True
sub-0050405	1	16.6	M	UM_2	UM_2	ASD	autism	R	94.0	90.0	98.0	n/a	8.0	n/a	False
sub-0050406	1	15.2	M	UM_2	UM_2	ASD	autism	R	90.5	78.0	103.0	n/a	9.0	n/a	False
sub-0050407	1	16.6	F	UM_2	UM_2	ASD	autism	R	105.0	107.0	103.0	n/a	6.0	n/a	False
sub-0050408	1	14.8	M	UM_2	UM_2	ASD	autism	R	118.5	123.0	114.0	n/a	6.0	n/a	True
sub-0050410	1	16.1	M	UM_2	UM_2	ASD	autism	R	110.5	113.0	108.0	n/a	7.0	n/a	True
sub-0050411	1	14.0	M	UM_2	UM_2	ASD	asperger	R	125.5	126.0	125.0	n/a	n/a	n/a	False
sub-0050412	1	13.2	M	UM_2	UM_2	ASD	autism	R	133.5	137.0	130.0	n/a	8.0	n/a	False
sub-0050413	1	13.1	M	UM_2	UM_2	ASD	autism	L	114.5	96.0	133.0	n/a	7.0	n/a	False
sub-0050414	1	13.8	F	UM_2	UM_2	TDC	control	R	109.0	132.0	86.0	n/a	n/a	n/a	False
sub-0050415	1	17.6	M	UM_2	UM_2	TDC	control	R	111.5	117.0	106.0	n/a	n/a	n/a	False
sub-0050416	1	14.8	M	UM_2	UM_2	TDC	control	R	108.5	114.0	103.0	n/a	n/a	n/a	False
sub-0050417	1	13.3	M	UM_2	UM_2	TDC	control	L	121.5	128.0	115.0	n/a	n/a	n/a	False
sub-0050418	1	14.9	M	UM_2	UM_2	TDC	control	R	112.0	109.0	115.0	n/a	n/a	n/a	False
sub-0050419	1	15.8	M	UM_2	UM_2	TDC	control	R	111.0	95.0	127.0	n/a	n/a	n/a	False
sub-0050421	1	15.4	M	UM_2	UM_2	TDC	control	R	116.0	126.0	106.0	n/a	n/a	n/a	False
sub-0050422	1	14.8	M	UM_2	UM_2	TDC	control	R	114.5	119.0	110.0	n/a	n/a	n/a	False
sub-0050423	1	14.1	M	UM_2	UM_2	TDC	control	R	111.5	117.0	106.0	n/a	n/a	n/a	False
sub-0050424	1	17.9	M	UM_2	UM_2	TDC	control	R	125.5	136.0	115.0	n/a	n/a	n/a	False
sub-0050425	1	16.6	M	UM_2	UM_2	TDC	control	R	112.0	109.0	115.0	n/a	n/a	n/a	False
sub-0050426	1	13.6	M	UM_2	UM_2	TDC	control	R	113.0	115.0	111.0	n/a	n/a	n/a	False
sub-0050427	1	15.8	M	UM_2	UM_2	TDC	control	R	96.0	100.0	92.0	n/a	n/a	n/a	False
sub-0050428	1	15.5	M	UM_2	UM_2	TDC	control	R	89.5	98.0	81.0	n/a	n/a	n/a	False
sub-0050432	1	18.2806	M	USM	USM	TDC	control	n/a	131.0	127.0	122.0	4.0	1.0	9.0	n/a
sub-0050433	1	18.7379	M	USM	USM	TDC	control	n/a	100.0	98.0	103.0	1.0	1.0	5.0	n/a
sub-0050434	1	18.2615	M	USM	USM	TDC	control	n/a	93.0	88.0	99.0	2.0	1.0	22.0	n/a
sub-0050435	1	16.104	M	USM	USM	TDC	control	n/a	100.0	98.0	102.0	2.0	1.0	6.0	n/a
sub-0050436	1	13.8097	M	USM	USM	TDC	control	n/a	126.0	120.0	125.0	0.0	1.0	9.0	n/a
sub-0050437	1	14.9432	M	USM	USM	TDC	control	n/a	138.0	139.0	127.0	2.0	1.0	42.0	n/a
sub-0050438	1	15.0253	M	USM	USM	TDC	control	n/a	97.0	87.0	108.0	1.0	1.0	10.0	n/a
sub-0050439	1	22.601	M	USM	USM	TDC	control	n/a	128.0	130.0	121.0	0.0	n/a	9.0	n/a
sub-0050440	1	23.948	M	USM	USM	TDC	control	n/a	98.0	104.0	90.0	2.0	n/a	18.0	n/a
sub-0050441	1	27.5975	M	USM	USM	TDC	control	n/a	123.0	118.0	121.0	2.0	n/a	31.0	n/a
sub-0050442	1	26.8528	M	USM	USM	TDC	control	n/a	127.0	128.0	119.0	0.0	n/a	n/a	n/a
sub-0050443	1	17.0705	M	USM	USM	TDC	control	n/a	120.0	99.0	122.0	1.0	n/a	7.0	n/a
sub-0050444	1	24.9884	M	USM	USM	TDC	control	n/a	100.0	106.0	92.0	1.0	n/a	6.0	n/a
sub-0050445	1	18.1383	M	USM	USM	TDC	control	n/a	128.0	126.0	125.0	0.0	1.0	5.0	n/a
sub-0050446	1	27.3238	M	USM	USM	TDC	control	n/a	116.0	118.0	111.0	0.0	n/a	1.0	n/a
sub-0050447	1	12.9391	M	USM	USM	TDC	control	n/a	130.0	132.0	121.0	4.0	3.0	7.0	n/a
sub-0050448	1	10.4668	M	USM	USM	TDC	control	n/a	144.0	140.0	138.0	1.0	1.0	13.0	n/a
sub-0050449	1	18.2177	M	USM	USM	TDC	control	n/a	108.0	104.0	111.0	3.0	n/a	35.0	n/a
sub-0050450	1	21.0979	M	USM	USM	TDC	control	n/a	95.0	98.0	100.0	0.0	n/a	13.0	n/a
sub-0050451	1	12.5257	M	USM	USM	TDC	control	n/a	109.0	106.0	111.0	0.0	1.0	6.0	n/a
sub-0050452	1	29.9685	M	USM	USM	TDC	control	n/a	112.0	108.0	114.0	0.0	n/a	1.0	n/a
sub-0050453	1	8.7721	M	USM	USM	TDC	control	n/a	121.0	104.0	137.0	n/a	n/a	13.0	n/a
sub-0050454	1	18.8008	M	USM	USM	TDC	control	n/a	111.0	108.0	112.0	0.0	n/a	11.0	n/a
sub-0050455	1	31.2827	M	USM	USM	TDC	control	n/a	112.0	111.0	109.0	0.0	n/a	23.0	n/a
sub-0050456	1	16.0986	M	USM	USM	TDC	control	n/a	109.0	104.0	115.0	2.0	1.0	2.0	n/a
sub-0050457	1	34.0534	M	USM	USM	TDC	control	n/a	123.0	123.0	119.0	n/a	n/a	27.0	n/a
sub-0050458	1	26.1465	M	USM	USM	TDC	control	n/a	148.0	137.0	155.0	0.0	n/a	23.0	n/a
sub-0050459	1	18.1547	M	USM	USM	TDC	control	n/a	111.0	106.0	115.0	4.0	n/a	13.0	n/a
sub-0050460	1	14.412	M	USM	USM	TDC	control	n/a	109.0	115.0	101.0	1.0	1.0	7.0	n/a
sub-0050461	1	16.3943	M	USM	USM	TDC	control	n/a	113.0	105.0	120.0	4.0	1.0	32.0	n/a
sub-0050462	1	24.6543	M	USM	USM	TDC	control	n/a	120.0	121.0	114.0	2.0	n/a	31.0	n/a
sub-0050463	1	28.3669	M	USM	USM	TDC	control	n/a	121.0	124.0	113.0	1.0	n/a	18.0	n/a
sub-0050464	1	9.9548	M	USM	USM	TDC	control	n/a	119.0	106.0	131.0	0.0	1.0	4.0	n/a
sub-0050465	1	34.0068	M	USM	USM	TDC	control	n/a	129.0	123.0	129.0	n/a	n/a	47.0	n/a
sub-0050466	1	39.2526	M	USM	USM	TDC	control	n/a	103.0	101.0	106.0	n/a	n/a	7.0	n/a
sub-0050467	1	19.7591	M	USM	USM	TDC	control	n/a	89.0	89.0	90.0	0.0	n/a	13.0	n/a
sub-0050468	1	39.3949	M	USM	USM	TDC	control	n/a	122.0	127.0	111.0	n/a	n/a	9.0	n/a
sub-0050469	1	28.5613	M	USM	USM	TDC	control	n/a	134.0	130.0	130.0	n/a	n/a	30.0	n/a
sub-0050470	1	9.9165	M	USM	USM	TDC	control	n/a	106.0	119.0	90.0	n/a	1.0	9.0	n/a
sub-0050471	1	25.0157	M	USM	USM	TDC	control	n/a	108.0	106.0	107.0	n/a	n/a	9.0	n/a
sub-0050472	1	22.1081	M	USM	USM	TDC	control	n/a	104.0	98.0	111.0	n/a	n/a	0.0	n/a
sub-0050473	1	22.4367	M	USM	USM	TDC	control	n/a	106.0	110.0	100.0	n/a	n/a	51.0	n/a
sub-0050474	1	22.0479	M	USM	USM	TDC	control	n/a	110.0	112.0	107.0	n/a	n/a	20.0	n/a
sub-0050475	1	21.6482	M	USM	USM	ASD	autism	n/a	117.0	118.0	111.0	12.0	n/a	147.0	n/a
sub-0050476	1	20.1697	M	USM	USM	ASD	autism	n/a	108.0	109.0	103.0	8.0	n/a	6.0	n/a
sub-0050477	1	20.1807	M	USM	USM	ASD	autism	n/a	92.0	95.0	91.0	11.0	n/a	94.0	n/a
sub-0050478	1	20.178	M	USM	USM	ASD	autism	n/a	91.0	103.0	83.0	15.0	9.0	56.0	n/a
sub-0050479	1	22.8802	M	USM	USM	ASD	autism	n/a	113.0	108.0	116.0	10.0	n/a	78.0	n/a
sub-0050480	1	29.0897	M	USM	USM	ASD	autism	n/a	127.0	117.0	132.0	12.0	n/a	151.0	n/a
sub-0050481	1	17.1663	M	USM	USM	ASD	autism	n/a	88.0	85.0	95.0	13.0	8.0	58.0	n/a
sub-0050482	1	27.4114	M	USM	USM	ASD	autism	n/a	94.0	94.0	92.0	9.0	n/a	26.0	n/a
sub-0050483	1	21.4346	M	USM	USM	ASD	autism	n/a	96.0	76.0	120.0	12.0	n/a	101.0	n/a
sub-0050484	1	19.7043	M	USM	USM	ASD	autism	n/a	102.0	95.0	109.0	21.0	10.0	76.0	n/a
sub-0050485	1	23.5948	M	USM	USM	ASD	autism	n/a	132.0	122.0	133.0	6.0	n/a	29.0	n/a
sub-0050486	1	17.7878	M	USM	USM	ASD	autism	n/a	97.0	77.0	120.0	18.0	10.0	100.0	n/a
sub-0050487	1	25.7972	M	USM	USM	ASD	autism	n/a	86.0	77.0	99.0	14.0	n/a	82.0	n/a
sub-0050488	1	25.4511	M	USM	USM	ASD	autism	n/a	100.0	83.0	120.0	17.0	n/a	104.0	n/a
sub-0050489	1	16.7584	M	USM	USM	ASD	autism	n/a	94.0	72.0	124.0	17.0	10.0	142.0	n/a
sub-0050490	1	19.6277	M	USM	USM	ASD	autism	n/a	110.0	100.0	119.0	14.0	n/a	109.0	n/a
sub-0050491	1	26.9487	M	USM	USM	ASD	autism	n/a	125.0	122.0	120.0	10.0	n/a	45.0	n/a
sub-0050492	1	32.5503	M	USM	USM	ASD	autism	n/a	126.0	130.0	117.0	15.0	n/a	148.0	n/a
sub-0050493	1	35.7098	M	USM	USM	ASD	autism	n/a	102.0	98.0	106.0	12.0	n/a	144.0	n/a
sub-0050494	1	37.7769	M	USM	USM	ASD	autism	n/a	65.0	55.0	76.0	17.0	n/a	93.0	n/a
sub-0050495	1	22.5599	M	USM	USM	ASD	autism	n/a	88.0	86.0	96.0	17.0	n/a	85.0	n/a
sub-0050496	1	24.3231	M	USM	USM	ASD	autism	n/a	129.0	120.0	132.0	11.0	n/a	73.0	n/a
sub-0050497	1	34.4613	M	USM	USM	ASD	autism	n/a	80.0	76.0	89.0	12.0	n/a	104.0	n/a
sub-0050498	1	21.1307	M	USM	USM	ASD	autism	n/a	99.0	118.0	87.0	14.0	n/a	92.0	n/a
sub-0050499	1	25.4346	M	USM	USM	ASD	autism	n/a	113.0	121.0	104.0	9.0	n/a	87.0	n/a
sub-0050500	1	17.2375	M	USM	USM	ASD	autism	n/a	118.0	113.0	119.0	12.0	6.0	88.0	n/a
sub-0050501	1	17.7057	M	USM	USM	ASD	autism	n/a	78.0	79.0	80.0	19.0	10.0	83.0	n/a
sub-0050502	1	32.9582	M	USM	USM	ASD	autism	n/a	90.0	101.0	83.0	10.0	n/a	111.0	n/a
sub-0050503	1	28.6708	M	USM	USM	ASD	autism	n/a	80.0	91.0	72.0	12.0	n/a	67.0	n/a
sub-0050504	1	17.6454	M	USM	USM	ASD	autism	n/a	87.0	86.0	92.0	16.0	9.0	70.0	n/a
sub-0050505	1	33.1828	M	USM	USM	ASD	autism	n/a	95.0	86.0	106.0	14.0	n/a	118.0	n/a
sub-0050506	1	15.9343	M	USM	USM	ASD	autism	n/a	73.0	77.0	74.0	20.0	10.0	91.0	n/a
sub-0050507	1	28.1095	M	USM	USM	ASD	autism	n/a	97.0	108.0	87.0	11.0	n/a	142.0	n/a
sub-0050508	1	26.3792	M	USM	USM	ASD	autism	n/a	107.0	96.0	118.0	11.0	n/a	97.0	n/a
sub-0050509	1	16.7337	M	USM	USM	ASD	autism	n/a	95.0	85.0	107.0	7.0	n/a	79.0	n/a
sub-0050510	1	14.1437	M	USM	USM	ASD	autism	n/a	102.0	104.0	99.0	16.0	10.0	118.0	n/a
sub-0050511	1	16.3833	M	USM	USM	ASD	autism	n/a	114.0	109.0	116.0	13.0	9.0	131.0	n/a
sub-0050512	1	15.4908	M	USM	USM	ASD	autism	n/a	121.0	108.0	131.0	17.0	9.0	89.0	n/a
sub-0050513	1	18.4668	M	USM	USM	ASD	autism	n/a	102.0	97.0	107.0	18.0	10.0	57.0	n/a
sub-0050514	1	21.4018	M	USM	USM	ASD	autism	n/a	109.0	99.0	119.0	10.0	n/a	91.0	n/a
sub-0050515	1	15.8522	M	USM	USM	ASD	autism	n/a	94.0	71.0	106.0	16.0	9.0	93.0	n/a
sub-0050516	1	17.1143	M	USM	USM	ASD	autism	n/a	107.0	108.0	104.0	10.0	7.0	73.0	n/a
sub-0050517	1	16.501	M	USM	USM	ASD	autism	n/a	109.0	108.0	107.0	14.0	8.0	47.0	n/a
sub-0050518	1	18.6585	M	USM	USM	ASD	autism	n/a	77.0	83.0	75.0	14.0	9.0	66.0	n/a
sub-0050519	1	16.3778	M	USM	USM	ASD	autism	n/a	83.0	78.0	90.0	14.0	8.0	128.0	n/a
sub-0050520	1	17.6728	M	USM	USM	ASD	autism	n/a	76.0	55.0	101.0	18.0	n/a	104.0	n/a
sub-0050521	1	18.4175	M	USM	USM	ASD	autism	n/a	80.0	69.0	99.0	16.0	n/a	100.0	n/a
sub-0050522	1	14.7515	M	USM	USM	ASD	autism	n/a	100.0	93.0	108.0	12.0	n/a	96.0	n/a
sub-0050523	1	17.3251	M	USM	USM	ASD	autism	n/a	115.0	118.0	109.0	12.0	n/a	132.0	n/a
sub-0050524	1	12.334	M	USM	USM	ASD	autism	n/a	83.0	76.0	93.0	14.0	n/a	125.0	n/a
sub-0050525	1	32.8487	M	USM	USM	ASD	autism	n/a	106.0	87.0	128.0	16.0	n/a	32.0	n/a
sub-0050526	1	50.2231	M	USM	USM	ASD	autism	n/a	123.0	118.0	121.0	18.0	n/a	136.0	n/a
sub-0050527	1	18.4148	M	USM	USM	ASD	PDD-NOS	n/a	93.0	84.0	105.0	9.0	3.0	124.0	n/a
sub-0050528	1	11.3539	M	USM	USM	ASD	autism	n/a	100.0	90.0	109.0	12.0	6.0	136.0	n/a
sub-0050529	1	42.3354	M	USM	USM	ASD	autism	n/a	128.0	122.0	127.0	13.0	n/a	104.0	n/a
sub-0050530	1	18.245	M	USM	USM	ASD	autism	n/a	106.0	120.0	91.0	13.0	n/a	90.0	n/a
sub-0050531	1	28.0903	M	USM	USM	ASD	autism	n/a	112.0	104.0	119.0	12.0	n/a	117.0	n/a
sub-0050532	1	16.9199	M	USM	USM	ASD	autism	n/a	84.0	87.0	81.0	8.0	n/a	93.0	n/a
sub-0050551	1	15.92	M	YALE	Yale	TDC	control	R	94.0	107.0	83.0	n/a	n/a	4.0	n/a
sub-0050552	1	12.75	M	YALE	Yale	TDC	control	R	106.0	106.0	95.0	n/a	n/a	1.0	n/a
sub-0050553	1	9.75	M	YALE	Yale	TDC	control	R	127.0	119.0	125.0	n/a	n/a	12.0	n/a
sub-0050554	1	8.67	M	YALE	Yale	TDC	control	R	99.0	87.0	95.0	n/a	n/a	17.0	n/a
sub-0050555	1	14.42	F	YALE	Yale	TDC	control	R	131.0	122.0	107.0	n/a	n/a	10.0	n/a
sub-0050556	1	10.67	M	YALE	Yale	TDC	control	R	78.0	89.0	76.0	n/a	n/a	35.0	n/a
sub-0050557	1	14.25	F	YALE	Yale	TDC	control	R	92.0	92.0	93.0	n/a	n/a	28.0	n/a
sub-0050558	1	13.75	F	YALE	Yale	TDC	control	R	113.0	101.0	115.0	n/a	n/a	28.0	n/a
sub-0050559	1	12.25	M	YALE	Yale	TDC	control	R	123.0	116.0	115.0	n/a	n/a	2.0	n/a
sub-0050560	1	9.25	M	YALE	Yale	TDC	control	R	111.0	106.0	108.0	n/a	n/a	2.0	n/a
sub-0050561	1	13.33	M	YALE	Yale	TDC	control	R	110.0	124.0	99.0	n/a	n/a	3.0	n/a
sub-0050562	1	10.83	M	YALE	Yale	TDC	control	L	114.0	120.0	107.0	n/a	n/a	43.0	n/a
sub-0050563	1	13.92	F	YALE	Yale	TDC	control	R	137.0	140.0	139.0	n/a	n/a	22.0	n/a
sub-0050564	1	7.66	M	YALE	Yale	TDC	control	R	140.0	126.0	134.0	n/a	n/a	45.0	n/a
sub-0050565	1	11.0	F	YALE	Yale	TDC	control	R	101.0	113.0	104.0	n/a	n/a	25.0	n/a
sub-0050566	1	9.66	M	YALE	Yale	TDC	control	R	107.0	113.0	106.0	n/a	n/a	3.0	n/a
sub-0050567	1	17.83	M	YALE	Yale	TDC	control	L	80.0	86.0	79.0	n/a	n/a	26.0	n/a
sub-0050568	1	13.92	M	YALE	Yale	TDC	control	R	92.0	107.0	91.0	n/a	n/a	20.0	n/a
sub-0050569	1	16.66	F	YALE	Yale	TDC	control	R	89.0	83.0	93.0	n/a	n/a	50.0	n/a
sub-0050570	1	16.66	M	YALE	Yale	TDC	control	L	88.0	103.0	84.0	n/a	n/a	8.0	n/a
sub-0050571	1	11.0	M	YALE	Yale	TDC	control	R	92.0	91.0	97.0	n/a	n/a	24.0	n/a
sub-0050572	1	15.75	F	YALE	Yale	TDC	control	R	105.0	126.0	82.0	n/a	n/a	54.0	n/a
sub-0050573	1	14.17	M	YALE	Yale	TDC	control	R	103.0	92.0	103.0	n/a	n/a	20.0	n/a
sub-0050574	1	10.92	M	YALE	Yale	TDC	control	R	91.0	103.0	88.0	n/a	n/a	85.0	n/a
sub-0050575	1	14.0	M	YALE	Yale	TDC	control	R	120.0	127.0	114.0	n/a	n/a	18.0	n/a
sub-0050576	1	8.42	F	YALE	Yale	TDC	control	R	119.0	112.0	120.0	n/a	n/a	21.0	n/a
sub-0050577	1	15.25	M	YALE	Yale	TDC	control	R	73.0	73.0	77.0	n/a	n/a	n/a	n/a
sub-0050578	1	12.33	M	YALE	Yale	TDC	control	L	104.0	106.0	106.0	n/a	n/a	n/a	n/a
sub-0050601	1	14.33	M	YALE	Yale	ASD	PDD-NOS	L	102.0	115.0	104.0	n/a	7.0	85.0	n/a
sub-0050602	1	10.0	M	YALE	Yale	ASD	asperger	R	108.0	106.0	109.0	n/a	6.0	92.0	n/a
sub-0050603	1	13.25	M	YALE	Yale	ASD	autism	L	76.0	69.0	88.0	n/a	7.0	104.0	n/a
sub-0050604	1	14.42	F	YALE	Yale	ASD	autism	R	85.0	79.0	84.0	n/a	10.0	121.0	n/a
sub-0050605	1	16.0	M	YALE	Yale	ASD	autism	R	121.0	102.0	111.0	n/a	8.0	108.0	n/a
sub-0050606	1	16.42	M	YALE	Yale	ASD	PDD-NOS	R	41.0	42.0	37.0	n/a	8.0	76.0	n/a
sub-0050607	1	17.17	M	YALE	Yale	ASD	asperger	R	141.0	143.0	120.0	11.0	n/a	125.0	n/a
sub-0050608	1	16.58	M	YALE	Yale	ASD	PDD-NOS	R	100.0	102.0	99.0	n/a	6.0	111.0	n/a
sub-0050609	1	8.92	M	YALE	Yale	ASD	asperger	R	114.0	117.0	107.0	n/a	8.0	103.0	n/a
sub-0050610	1	13.0	M	YALE	Yale	ASD	asperger	R	95.0	107.0	84.0	n/a	8.0	48.0	n/a
sub-0050611	1	11.92	M	YALE	Yale	ASD	PDD-NOS	R	86.0	100.0	87.0	n/a	8.0	121.0	n/a
sub-0050612	1	11.83	M	YALE	Yale	ASD	asperger	R	121.0	126.0	107.0	n/a	7.0	63.0	n/a
sub-0050613	1	12.5	M	YALE	Yale	ASD	asperger	L	131.0	141.0	112.0	n/a	8.0	72.0	n/a
sub-0050614	1	17.75	M	YALE	Yale	ASD	autism	R	72.0	57.0	67.0	n/a	9.0	95.0	n/a
sub-0050615	1	8.58	F	YALE	Yale	ASD	asperger	R	119.0	101.0	126.0	n/a	7.0	147.0	n/a
sub-0050616	1	11.83	M	YALE	Yale	ASD	PDD-NOS	R	93.0	106.0	95.0	n/a	9.0	93.0	n/a
sub-0050617	1	7.25	M	YALE	Yale	ASD	PDD-NOS	R	84.0	82.0	76.0	n/a	7.0	n/a	n/a
sub-0050618	1	12.75	M	YALE	Yale	ASD	autism	L	76.0	79.0	93.0	n/a	7.0	106.0	n/a
sub-0050619	1	16.5	F	YALE	Yale	ASD	autism	R	88.0	86.0	94.0	n/a	6.0	65.0	n/a
sub-0050620	1	12.75	F	YALE	Yale	ASD	PDD-NOS	R	114.0	110.0	115.0	n/a	7.0	86.0	n/a
sub-0050621	1	16.58	F	YALE	Yale	ASD	asperger	R	83.0	111.0	77.0	n/a	8.0	96.0	n/a
sub-0050622	1	9.92	M	YALE	Yale	ASD	PDD-NOS	R	89.0	97.0	100.0	n/a	4.0	82.0	n/a
sub-0050623	1	13.66	F	YALE	Yale	ASD	PDD-NOS	R	94.0	101.0	86.0	n/a	7.0	61.0	n/a
sub-0050624	1	11.08	F	YALE	Yale	ASD	PDD-NOS	R	90.0	91.0	89.0	n/a	5.0	51.0	n/a
sub-0050625	1	7.0	M	YALE	Yale	ASD	PDD-NOS	L	99.0	90.0	98.0	n/a	6.0	126.0	n/a
sub-0050626	1	11.08	M	YALE	Yale	ASD	PDD-NOS	L	61.0	66.0	60.0	n/a	10.0	n/a	n/a
sub-0050627	1	9.5	F	YALE	Yale	ASD	PDD-NOS	R	88.0	103.0	84.0	n/a	2.0	118.0	n/a
sub-0050628	1	14.42	M	YALE	Yale	ASD	PDD-NOS	R	77.0	72.0	75.0	n/a	8.0	73.0	n/a
sub-0050642	1	33.0	M	CMU	CMU_a	ASD	autism	R	103.0	98.0	107.0	12.0	n/a	n/a	True
sub-0050643	1	21.0	M	CMU	CMU_b	ASD	autism	R	123.0	112.0	128.0	12.0	n/a	n/a	False
sub-0050644	1	19.0	F	CMU	CMU_b	ASD	autism	R	107.0	110.0	102.0	12.0	n/a	n/a	False
sub-0050645	1	20.0	M	CMU	CMU_b	ASD	autism	R	124.0	128.0	115.0	13.0	n/a	n/a	True
sub-0050646	1	21.0	M	CMU	CMU_a	ASD	autism	R	108.0	100.0	115.0	14.0	n/a	n/a	False
sub-0050647	1	27.0	M	CMU	CMU_a	ASD	autism	R	104.0	97.0	109.0	8.0	n/a	n/a	True
sub-0050648	1	31.0	F	CMU	CMU_b	ASD	autism	R	121.0	132.0	106.0	16.0	n/a	n/a	False
sub-0050649	1	22.0	M	CMU	CMU_a	ASD	autism	R	127.0	121.0	126.0	11.0	n/a	n/a	False
sub-0050650	1	31.0	F	CMU	CMU_b	ASD	autism	R	123.0	119.0	121.0	9.0	n/a	n/a	True
sub-0050651	1	39.0	M	CMU	CMU_b	ASD	autism	Ambi	116.0	108.0	121.0	11.0	n/a	n/a	False
sub-0050652	1	24.0	M	CMU	CMU_b	ASD	autism	R	118.0	113.0	119.0	19.0	n/a	n/a	False
sub-0050653	1	30.0	M	CMU	CMU_a	ASD	autism	R	134.0	131.0	129.0	18.0	n/a	n/a	False
sub-0050654	1	24.0	M	CMU	CMU_a	ASD	autism	L	95.0	99.0	92.0	15.0	n/a	n/a	False
sub-0050655	1	27.0	M	CMU	CMU_b	ASD	autism	R	100.0	89.0	111.0	13.0	n/a	n/a	True
sub-0050656	1	28.0	F	CMU	CMU_a	TDC	control	R	129.0	125.0	127.0	n/a	n/a	n/a	False
sub-0050657	1	21.0	M	CMU	CMU_b	TDC	control	R	120.0	112.0	124.0	n/a	n/a	n/a	False
sub-0050658	1	27.0	M	CMU	CMU_b	TDC	control	R	103.0	108.0	96.0	n/a	n/a	n/a	False
sub-0050659	1	27.0	M	CMU	CMU_a	TDC	control	R	109.0	111.0	106.0	n/a	n/a	n/a	False
sub-0050660	1	25.0	M	CMU	CMU_a	TDC	control	Ambi	115.0	116.0	109.0	n/a	n/a	n/a	False
sub-0050661	1	20.0	F	CMU	CMU_b	TDC	control	R	124.0	128.0	114.0	n/a	n/a	n/a	False
sub-0050663	1	21.0	M	CMU	CMU_a	TDC	control	R	101.0	94.0	108.0	n/a	n/a	n/a	False
sub-0050664	1	21.0	M	CMU	CMU_a	TDC	control	R	109.0	107.0	110.0	n/a	n/a	n/a	False
sub-0050665	1	33.0	M	CMU	CMU_a	TDC	control	R	109.0	111.0	104.0	n/a	n/a	n/a	False
sub-0050666	1	31.0	M	CMU	CMU_a	TDC	control	R	107.0	101.0	109.0	n/a	n/a	n/a	False
sub-0050667	1	40.0	M	CMU	CMU_b	TDC	control	R	128.0	122.0	128.0	n/a	n/a	n/a	False
sub-0050668	1	25.0	M	CMU	CMU_a	TDC	control	R	110.0	109.0	108.0	n/a	n/a	n/a	False
sub-0050669	1	30.0	F	CMU	CMU_b	TDC	control	R	126.0	123.0	123.0	n/a	n/a	n/a	False
sub-0050682	1	23.0	M	LEUVEN_1	Leuven_1	TDC	control	R	128.0	118.0	132.0	n/a	n/a	38.0	False
sub-0050683	1	24.0	M	LEUVEN_1	Leuven_1	TDC	control	R	106.0	113.0	96.0	n/a	n/a	35.0	False
sub-0050685	1	23.0	M	LEUVEN_1	Leuven_1	TDC	control	R	112.0	114.0	108.0	n/a	n/a	32.0	False
sub-0050686	1	19.0	M	LEUVEN_1	Leuven_1	ASD	autism	R	92.0	88.0	101.0	n/a	n/a	68.0	False
sub-0050687	1	22.0	M	LEUVEN_1	Leuven_1	TDC	control	R	124.0	121.0	117.0	n/a	n/a	54.0	False
sub-0050688	1	21.0	M	LEUVEN_1	Leuven_1	TDC	control	R	98.0	103.0	93.0	n/a	n/a	53.0	False
sub-0050689	1	21.0	M	LEUVEN_1	Leuven_1	ASD	autism	R	106.0	115.0	93.0	n/a	n/a	55.0	False
sub-0050690	1	22.0	M	LEUVEN_1	Leuven_1	ASD	autism	R	101.0	95.0	111.0	n/a	n/a	31.0	False
sub-0050691	1	22.0	M	LEUVEN_1	Leuven_1	TDC	control	R	146.0	133.0	155.0	n/a	n/a	37.0	False
sub-0050692	1	22.0	M	LEUVEN_1	Leuven_1	TDC	control	R	109.0	112.0	106.0	n/a	n/a	41.0	False
sub-0050693	1	22.0	M	LEUVEN_1	Leuven_1	ASD	autism	R	128.0	128.0	120.0	n/a	n/a	72.0	False
sub-0050694	1	19.0	M	LEUVEN_1	Leuven_1	ASD	autism	R	109.0	103.0	117.0	n/a	n/a	88.0	False
sub-0050695	1	19.0	M	LEUVEN_1	Leuven_1	ASD	autism	R	101.0	126.0	74.0	n/a	n/a	77.0	False
sub-0050696	1	20.0	M	LEUVEN_1	Leuven_1	ASD	autism	R	121.0	118.0	119.0	n/a	n/a	119.0	True
sub-0050697	1	19.0	M	LEUVEN_1	Leuven_1	ASD	autism	R	101.0	99.0	106.0	n/a	n/a	68.0	False
sub-0050698	1	28.0	M	LEUVEN_1	Leuven_1	TDC	control	R	109.0	107.0	113.0	n/a	n/a	33.0	False
sub-0050699	1	21.0	M	LEUVEN_1	Leuven_1	TDC	control	R	104.0	114.0	92.0	n/a	n/a	8.0	False
sub-0050700	1	23.0	M	LEUVEN_1	Leuven_1	ASD	autism	L	128.0	110.0	149.0	n/a	n/a	98.0	True
sub-0050701	1	18.0	M	LEUVEN_1	Leuven_1	TDC	control	R	109.0	131.0	84.0	n/a	n/a	36.0	False
sub-0050702	1	18.0	M	LEUVEN_1	Leuven_1	ASD	autism	R	100.0	110.0	88.0	n/a	n/a	80.0	True
sub-0050703	1	29.0	M	LEUVEN_1	Leuven_1	TDC	control	R	108.0	112.0	103.0	n/a	n/a	58.0	False
sub-0050704	1	29.0	M	LEUVEN_1	Leuven_1	ASD	autism	R	119.0	121.0	113.0	n/a	n/a	96.0	True
sub-0050705	1	24.0	M	LEUVEN_1	Leuven_1	ASD	autism	R	111.0	113.0	107.0	n/a	n/a	62.0	False
sub-0050706	1	22.0	M	LEUVEN_1	Leuven_1	TDC	control	L	134.0	136.0	123.0	n/a	n/a	38.0	False
sub-0050707	1	22.0	M	LEUVEN_1	Leuven_1	TDC	control	R	113.0	121.0	101.0	n/a	n/a	103.0	False
sub-0050708	1	32.0	M	LEUVEN_1	Leuven_1	ASD	autism	R	89.0	97.0	84.0	n/a	n/a	83.0	True
sub-0050709	1	25.0	M	LEUVEN_1	Leuven_1	TDC	control	R	116.0	121.0	107.0	n/a	n/a	65.0	False
sub-0050710	1	27.0	M	LEUVEN_1	Leuven_1	TDC	control	R	106.0	106.0	107.0	n/a	n/a	23.0	False
sub-0050711	1	19.0	M	LEUVEN_1	Leuven_1	ASD	autism	R	126.0	123.0	121.0	n/a	n/a	80.0	False
sub-0050722	1	13.8	F	LEUVEN_2	Leuven_2	TDC	control	L	n/a	86.0	89.0	n/a	n/a	36.0	n/a
sub-0050723	1	13.8	F	LEUVEN_2	Leuven_2	TDC	control	L	n/a	97.0	100.0	n/a	n/a	51.0	n/a
sub-0050724	1	15.1	M	LEUVEN_2	Leuven_2	TDC	control	R	n/a	103.0	106.0	n/a	n/a	53.0	n/a
sub-0050725	1	14.2	M	LEUVEN_2	Leuven_2	TDC	control	L	n/a	105.0	126.0	n/a	n/a	30.0	n/a
sub-0050726	1	16.6	M	LEUVEN_2	Leuven_2	TDC	control	R	n/a	130.0	106.0	n/a	n/a	17.0	n/a
sub-0050727	1	13.9	M	LEUVEN_2	Leuven_2	TDC	control	L->R	n/a	122.0	111.0	n/a	n/a	14.0	n/a
sub-0050728	1	15.6	M	LEUVEN_2	Leuven_2	TDC	control	R	n/a	116.0	109.0	n/a	n/a	13.0	n/a
sub-0050730	1	12.3	F	LEUVEN_2	Leuven_2	TDC	control	R	n/a	111.0	109.0	n/a	n/a	11.0	n/a
sub-0050731	1	16.2	M	LEUVEN_2	Leuven_2	TDC	control	R	n/a	124.0	111.0	n/a	n/a	2.0	n/a
sub-0050732	1	12.4	M	LEUVEN_2	Leuven_2	TDC	control	R	n/a	127.0	120.0	n/a	n/a	10.0	n/a
sub-0050733	1	14.7	M	LEUVEN_2	Leuven_2	TDC	control	R	n/a	124.0	111.0	n/a	n/a	21.0	n/a
sub-0050734	1	16.6	M	LEUVEN_2	Leuven_2	TDC	control	R	n/a	97.0	97.0	n/a	n/a	14.0	n/a
sub-0050735	1	14.3	F	LEUVEN_2	Leuven_2	TDC	control	R	n/a	103.0	103.0	n/a	n/a	10.0	n/a
sub-0050736	1	13.6	F	LEUVEN_2	Leuven_2	TDC	control	R	n/a	119.0	111.0	n/a	n/a	5.0	n/a
sub-0050737	1	12.2	M	LEUVEN_2	Leuven_2	TDC	control	R	n/a	119.0	103.0	n/a	n/a	11.0	n/a
sub-0050738	1	12.8	M	LEUVEN_2	Leuven_2	TDC	control	R	n/a	124.0	103.0	n/a	n/a	6.0	n/a
sub-0050739	1	15.2	M	LEUVEN_2	Leuven_2	TDC	control	R	n/a	119.0	103.0	n/a	n/a	7.0	n/a
sub-0050740	1	12.4	M	LEUVEN_2	Leuven_2	TDC	control	R	n/a	127.0	97.0	n/a	n/a	9.0	n/a
sub-0050741	1	14.2	M	LEUVEN_2	Leuven_2	TDC	control	R	n/a	119.0	114.0	n/a	n/a	18.0	n/a
sub-0050742	1	16.9	M	LEUVEN_2	Leuven_2	TDC	control	R	n/a	122.0	103.0	n/a	n/a	35.0	n/a
sub-0050743	1	14.2	F	LEUVEN_2	Leuven_2	ASD	autism	R	n/a	62.0	103.0	n/a	n/a	64.0	n/a
sub-0050744	1	12.5	F	LEUVEN_2	Leuven_2	ASD	autism	R	n/a	100.0	94.0	n/a	n/a	80.0	n/a
sub-0050745	1	13.0	M	LEUVEN_2	Leuven_2	ASD	autism	R	n/a	103.0	86.0	n/a	n/a	95.0	n/a
sub-0050746	1	13.8	M	LEUVEN_2	Leuven_2	ASD	autism	R	n/a	84.0	109.0	n/a	n/a	93.0	n/a
sub-0050747	1	14.2	M	LEUVEN_2	Leuven_2	ASD	autism	R	n/a	84.0	106.0	n/a	n/a	137.0	n/a
sub-0050748	1	14.2	M	LEUVEN_2	Leuven_2	ASD	autism	R	n/a	105.0	106.0	n/a	n/a	124.0	n/a
sub-0050749	1	15.3	F	LEUVEN_2	Leuven_2	ASD	autism	L	n/a	70.0	102.0	n/a	n/a	82.0	n/a
sub-0050750	1	16.8	M	LEUVEN_2	Leuven_2	ASD	autism	R	n/a	50.0	85.0	n/a	n/a	139.0	n/a
sub-0050751	1	12.1	M	LEUVEN_2	Leuven_2	ASD	autism	R	n/a	124.0	132.0	n/a	n/a	27.0	n/a
sub-0050752	1	14.7	M	LEUVEN_2	Leuven_2	ASD	autism	L	n/a	92.0	117.0	n/a	n/a	44.0	n/a
sub-0050753	1	14.3	M	LEUVEN_2	Leuven_2	ASD	autism	R	n/a	78.0	86.0	n/a	n/a	133.0	n/a
sub-0050754	1	12.3	M	LEUVEN_2	Leuven_2	ASD	autism	R	n/a	97.0	97.0	n/a	n/a	80.0	n/a
sub-0050755	1	12.2	M	LEUVEN_2	Leuven_2	ASD	autism	R	n/a	116.0	83.0	n/a	n/a	94.0	n/a
sub-0050756	1	14.9	M	LEUVEN_2	Leuven_2	ASD	autism	R	n/a	92.0	114.0	n/a	n/a	115.0	n/a
sub-0050757	1	14.3	M	LEUVEN_2	Leuven_2	ASD	autism	R	n/a	70.0	83.0	n/a	n/a	59.0	n/a
sub-0050772	1	12.77	M	KKI	KKI	TDC	control	R	98.0	n/a	n/a	n/a	n/a	n/a	False
sub-0050773	1	10.84	M	KKI	KKI	TDC	control	R	124.0	n/a	n/a	n/a	n/a	n/a	False
sub-0050774	1	10.64	M	KKI	KKI	TDC	control	R	124.0	n/a	n/a	n/a	n/a	n/a	False
sub-0050775	1	11.0	M	KKI	KKI	TDC	control	R	101.0	n/a	n/a	n/a	n/a	n/a	False
sub-0050776	1	9.3	M	KKI	KKI	TDC	control	R	102.0	n/a	n/a	n/a	n/a	n/a	False
sub-0050777	1	8.39	M	KKI	KKI	TDC	control	R	125.0	n/a	n/a	n/a	n/a	n/a	False
sub-0050778	1	9.73	F	KKI	KKI	TDC	control	R	122.0	n/a	n/a	n/a	n/a	n/a	False
sub-0050779	1	9.41	M	KKI	KKI	TDC	control	R	105.0	n/a	n/a	n/a	n/a	n/a	False
sub-0050780	1	9.82	F	KKI	KKI	TDC	control	R	117.0	n/a	n/a	n/a	n/a	n/a	False
sub-0050781	1	9.3	M	KKI	KKI	TDC	control	R	120.0	n/a	n/a	n/a	n/a	n/a	False
sub-0050782	1	10.18	M	KKI	KKI	TDC	control	R	108.0	n/a	n/a	n/a	n/a	n/a	False
sub-0050783	1	10.4	F	KKI	KKI	TDC	control	R	121.0	n/a	n/a	n/a	n/a	n/a	False
sub-0050784	1	8.07	F	KKI	KKI	TDC	control	R	115.0	n/a	n/a	n/a	n/a	n/a	False
sub-0050785	1	10.37	M	KKI	KKI	TDC	control	Mixed	102.0	n/a	n/a	n/a	n/a	n/a	False
sub-0050786	1	8.75	M	KKI	KKI	TDC	control	R	112.0	n/a	n/a	n/a	n/a	n/a	False
sub-0050787	1	10.82	M	KKI	KKI	TDC	control	R	117.0	n/a	n/a	n/a	n/a	n/a	False
sub-0050788	1	10.25	F	KKI	KKI	TDC	control	R	125.0	n/a	n/a	n/a	n/a	n/a	False
sub-0050789	1	9.31	M	KKI	KKI	TDC	control	R	114.0	n/a	n/a	n/a	n/a	n/a	False
sub-0050790	1	8.83	F	KKI	KKI	TDC	control	R	100.0	n/a	n/a	n/a	n/a	n/a	False
sub-0050791	1	10.18	M	KKI	KKI	ASD	autism	R	69.0	n/a	n/a	21.0	10.0	n/a	False
sub-0050792	1	8.2	F	KKI	KKI	ASD	asperger	Mixed	130.0	n/a	n/a	12.0	8.0	n/a	False
sub-0050793	1	8.4	M	KKI	KKI	ASD	autism	R	114.0	n/a	n/a	13.0	3.0	n/a	False
sub-0050794	1	9.66	M	KKI	KKI	ASD	autism	R	90.0	n/a	n/a	9.0	6.0	n/a	False
sub-0050795	1	8.09	F	KKI	KKI	ASD	asperger	R	92.0	n/a	n/a	13.0	7.0	n/a	True
sub-0050796	1	11.99	F	KKI	KKI	ASD	asperger	R	88.0	n/a	n/a	12.0	8.0	n/a	True
sub-0050797	1	12.54	M	KKI	KKI	ASD	asperger	R	90.0	n/a	n/a	11.0	9.0	n/a	True
sub-0050798	1	10.17	F	KKI	KKI	ASD	autism	Mixed	102.0	n/a	n/a	15.0	8.0	n/a	True
sub-0050799	1	11.14	M	KKI	KKI	ASD	autism	R	84.0	n/a	n/a	16.0	10.0	n/a	False
sub-0050800	1	11.76	M	KKI	KKI	ASD	asperger	R	77.0	n/a	n/a	20.0	10.0	n/a	True
sub-0050801	1	11.27	M	KKI	KKI	ASD	autism	R	131.0	n/a	n/a	11.0	6.0	n/a	True
sub-0050802	1	8.2	M	KKI	KKI	ASD	autism	R	104.0	n/a	n/a	10.0	10.0	n/a	True
sub-0050803	1	8.45	M	KKI	KKI	ASD	asperger	R	88.0	n/a	n/a	8.0	10.0	n/a	True
sub-0050804	1	8.33	M	KKI	KKI	ASD	autism	R	78.0	n/a	n/a	9.0	8.0	n/a	False
sub-0050805	1	11.33	M	KKI	KKI	ASD	asperger	R	95.0	n/a	n/a	11.0	6.0	n/a	False
sub-0050806	1	8.48	M	KKI	KKI	ASD	asperger	R	77.0	n/a	n/a	15.0	9.0	n/a	True
sub-0050807	1	10.65	M	KKI	KKI	ASD	autism	Mixed	84.0	n/a	n/a	15.0	9.0	n/a	True
sub-0050808	1	11.09	M	KKI	KKI	TDC	control	R	125.0	n/a	n/a	n/a	n/a	n/a	False
sub-0050809	1	8.43	M	KKI	KKI	TDC	control	L	118.0	n/a	n/a	n/a	n/a	n/a	False
sub-0050810	1	11.85	F	KKI	KKI	TDC	control	R	117.0	n/a	n/a	n/a	n/a	n/a	False
sub-0050811	1	12.76	M	KKI	KKI	TDC	control	R	118.0	n/a	n/a	n/a	n/a	n/a	False
sub-0050812	1	9.97	F	KKI	KKI	TDC	control	R	121.0	n/a	n/a	n/a	n/a	n/a	False
sub-0050813	1	10.79	M	KKI	KKI	TDC	control	R	125.0	n/a	n/a	n/a	n/a	n/a	False
sub-0050814	1	8.46	M	KKI	KKI	TDC	control	L	108.0	n/a	n/a	n/a	n/a	n/a	False
sub-0050815	1	10.62	M	KKI	KKI	ASD	autism	L	105.0	n/a	n/a	9.0	9.0	n/a	False
sub-0050816	1	9.73	M	KKI	KKI	TDC	control	Mixed	119.0	n/a	n/a	n/a	n/a	n/a	False
sub-0050817	1	9.97	M	KKI	KKI	TDC	control	Mixed	119.0	n/a	n/a	n/a	n/a	n/a	False
sub-0050818	1	11.79	M	KKI	KKI	TDC	control	R	98.0	n/a	n/a	n/a	n/a	n/a	False
sub-0050819	1	9.71	M	KKI	KKI	TDC	control	R	101.0	n/a	n/a	n/a	n/a	n/a	False
sub-0050820	1	8.87	F	KKI	KKI	TDC	control	R	108.0	n/a	n/a	n/a	n/a	n/a	False
sub-0050821	1	11.17	M	KKI	KKI	TDC	control	R	114.0	n/a	n/a	n/a	n/a	n/a	False
sub-0050822	1	12.43	M	KKI	KKI	TDC	control	R	98.0	n/a	n/a	n/a	n/a	n/a	False
sub-0050823	1	11.37	M	KKI	KKI	ASD	asperger	R	120.0	n/a	n/a	10.0	10.0	n/a	True
sub-0050824	1	10.29	M	KKI	KKI	ASD	asperger	R	109.0	n/a	n/a	14.0	7.0	n/a	True
sub-0050825	1	8.5	M	KKI	KKI	ASD	autism	R	89.0	n/a	n/a	14.0	7.0	n/a	False
sub-0050826	1	10.57	M	KKI	KKI	ASD	asperger	R	114.0	n/a	n/a	8.0	9.0	n/a	True
sub-0050952	1	8.74	F	NYU	NYU	ASD	autism	n/a	134.0	139.0	120.0	17.0	10.0	75.0	False
sub-0050953	1	11.764	F	NYU	NYU	ASD	autism	n/a	132.0	139.0	117.0	13.0	8.0	128.0	False
sub-0050954	1	14.75	F	NYU	NYU	ASD	autism	n/a	78.0	79.0	80.0	11.0	8.0	103.0	False
sub-0050955	1	12.64	F	NYU	NYU	ASD	autism	n/a	93.0	96.0	91.0	14.0	9.0	139.0	False
sub-0050956	1	14.06	F	NYU	NYU	ASD	autism	n/a	115.0	115.0	110.0	10.0	8.0	24.0	False
sub-0050957	1	14.75	F	NYU	NYU	ASD	autism	n/a	79.0	84.0	79.0	6.0	3.0	90.0	False
sub-0050958	1	10.23	F	NYU	NYU	ASD	autism	n/a	101.0	109.0	92.0	7.0	5.0	69.0	False
sub-0050959	1	22.81	F	NYU	NYU	ASD	asperger	n/a	118.0	129.0	104.0	6.0	n/a	101.0	True
sub-0050960	1	38.76	F	NYU	NYU	ASD	asperger	n/a	114.0	108.0	119.0	8.0	n/a	103.0	False
sub-0050961	1	25.02	F	NYU	NYU	ASD	asperger	n/a	92.0	89.0	96.0	10.0	n/a	98.0	True
sub-0050962	1	24.41	F	NYU	NYU	ASD	asperger	n/a	98.0	108.0	88.0	15.0	n/a	136.0	False
sub-0050964	1	12.75	M	NYU	NYU	ASD	autism	n/a	106.0	108.0	101.0	18.0	8.0	125.0	False
sub-0050965	1	9.25	M	NYU	NYU	ASD	PDD-NOS	n/a	132.0	119.0	136.0	7.0	3.0	69.0	False
sub-0050966	1	15.14	M	NYU	NYU	ASD	PDD-NOS	n/a	108.0	100.0	115.0	10.0	n/a	42.0	False
sub-0050967	1	9.74	M	NYU	NYU	ASD	PDD-NOS	n/a	76.0	84.0	72.0	6.0	4.0	123.0	False
sub-0050968	1	9.95	M	NYU	NYU	ASD	PDD-NOS	n/a	108.0	106.0	109.0	10.0	6.0	97.0	False
sub-0050969	1	7.61	M	NYU	NYU	ASD	asperger	n/a	129.0	108.0	146.0	11.0	9.0	107.0	False
sub-0050970	1	8.9	M	NYU	NYU	ASD	asperger	n/a	99.0	99.0	99.0	10.0	6.0	83.0	False
sub-0050971	1	10.24	M	NYU	NYU	ASD	asperger	n/a	122.0	111.0	128.0	6.0	4.0	108.0	True
sub-0050972	1	13.95	M	NYU	NYU	ASD	asperger	n/a	100.0	100.0	100.0	13.0	9.0	99.0	True
sub-0050973	1	17.88	M	NYU	NYU	ASD	asperger	n/a	112.0	113.0	108.0	12.0	n/a	99.0	True
sub-0050974	1	11.56	M	NYU	NYU	ASD	asperger	n/a	90.0	99.0	85.0	17.0	9.0	69.0	False
sub-0050975	1	10.96	M	NYU	NYU	ASD	asperger	n/a	100.0	112.0	89.0	13.0	9.0	n/a	False
sub-0050976	1	14.65	M	NYU	NYU	ASD	asperger	n/a	127.0	117.0	132.0	7.0	5.0	71.0	False
sub-0050977	1	7.13	M	NYU	NYU	ASD	asperger	n/a	142.0	129.0	145.0	7.0	4.0	99.0	False
sub-0050978	1	9.58	M	NYU	NYU	ASD	asperger	n/a	142.0	126.0	149.0	7.0	6.0	92.0	False
sub-0050979	1	9.37	M	NYU	NYU	ASD	asperger	n/a	114.0	99.0	129.0	14.0	8.0	95.0	False
sub-0050980	1	8.52	M	NYU	NYU	ASD	asperger	n/a	136.0	127.0	137.0	8.0	6.0	65.0	False
sub-0050981	1	12.96	M	NYU	NYU	ASD	autism	n/a	100.0	100.0	99.0	9.0	8.0	142.0	False
sub-0050982	1	9.46	M	NYU	NYU	ASD	autism	n/a	119.0	121.0	106.0	12.0	9.0	114.0	False
sub-0050983	1	10.48	M	NYU	NYU	ASD	autism	n/a	117.0	132.0	101.0	9.0	6.0	99.0	False
sub-0050984	1	13.2	M	NYU	NYU	ASD	autism	n/a	98.0	114.0	83.0	10.0	7.0	118.0	False
sub-0050985	1	13.09	M	NYU	NYU	ASD	autism	n/a	90.0	84.0	100.0	15.0	10.0	123.0	False
sub-0050986	1	8.53	M	NYU	NYU	ASD	autism	n/a	102.0	108.0	115.0	13.0	8.0	107.0	True
sub-0050987	1	8.56	M	NYU	NYU	ASD	autism	n/a	105.0	93.0	118.0	14.0	8.0	52.0	False
sub-0050988	1	14.21	M	NYU	NYU	ASD	autism	n/a	112.0	113.0	115.0	17.0	10.0	111.0	False
sub-0050989	1	9.78	M	NYU	NYU	ASD	autism	n/a	84.0	77.0	94.0	21.0	10.0	110.0	True
sub-0050990	1	13.71	M	NYU	NYU	ASD	autism	n/a	131.0	126.0	129.0	22.0	10.0	34.0	True
sub-0050991	1	10.9	M	NYU	NYU	ASD	autism	n/a	100.0	97.0	104.0	7.0	6.0	53.0	False
sub-0050992	1	10.66	M	NYU	NYU	ASD	autism	n/a	118.0	106.0	129.0	14.0	9.0	95.0	False
sub-0050993	1	10.87	M	NYU	NYU	ASD	autism	n/a	101.0	98.0	105.0	8.0	4.0	118.0	False
sub-0050994	1	15.66	M	NYU	NYU	ASD	autism	n/a	102.0	95.0	108.0	15.0	n/a	89.0	False
sub-0050995	1	16.74	M	NYU	NYU	ASD	autism	n/a	109.0	98.0	119.0	5.0	n/a	78.0	False
sub-0050996	1	15.81	M	NYU	NYU	ASD	autism	n/a	100.0	89.0	112.0	17.0	n/a	123.0	False
sub-0050997	1	16.27	M	NYU	NYU	ASD	autism	n/a	123.0	131.0	109.0	15.0	n/a	72.0	True
sub-0050998	1	13.04	M	NYU	NYU	ASD	autism	n/a	91.0	92.0	92.0	19.0	10.0	79.0	False
sub-0050999	1	14.53	M	NYU	NYU	ASD	autism	n/a	95.0	102.0	88.0	11.0	n/a	103.0	True
sub-0051000	1	13.33	M	NYU	NYU	ASD	autism	n/a	78.0	74.0	88.0	12.0	8.0	82.0	False
sub-0051001	1	10.71	M	NYU	NYU	ASD	autism	n/a	87.0	85.0	94.0	8.0	4.0	137.0	False
sub-0051002	1	7.228	M	NYU	NYU	ASD	autism	n/a	90.0	99.0	84.0	10.0	7.0	121.0	False
sub-0051003	1	8.51	M	NYU	NYU	ASD	autism	n/a	120.0	106.0	133.0	19.0	10.0	109.0	False
sub-0051006	1	11.11	M	NYU	NYU	ASD	autism	n/a	103.0	101.0	104.0	10.0	7.0	150.0	False
sub-0051007	1	11.92	M	NYU	NYU	ASD	autism	n/a	108.0	111.0	103.0	7.0	5.0	76.0	False
sub-0051008	1	12.37	M	NYU	NYU	ASD	autism	n/a	128.0	125.0	126.0	7.0	4.0	146.0	False
sub-0051009	1	11.03	M	NYU	NYU	ASD	autism	n/a	86.0	88.0	86.0	12.0	9.0	36.0	False
sub-0051010	1	8.53	M	NYU	NYU	ASD	autism	n/a	148.0	137.0	147.0	9.0	7.0	44.0	False
sub-0051011	1	8.79	M	NYU	NYU	ASD	autism	n/a	104.0	89.0	119.0	7.0	5.0	50.0	False
sub-0051012	1	9.79	M	NYU	NYU	ASD	autism	n/a	96.0	88.0	103.0	10.0	7.0	77.0	False
sub-0051013	1	7.15	M	NYU	NYU	ASD	autism	n/a	100.0	94.0	107.0	5.0	3.0	103.0	True
sub-0051014	1	11.005	M	NYU	NYU	ASD	autism	n/a	106.0	89.0	125.0	10.0	6.0	79.0	False
sub-0051015	1	29.98	M	NYU	NYU	ASD	asperger	n/a	105.0	105.0	103.0	8.0	n/a	61.0	False
sub-0051016	1	22.99	M	NYU	NYU	ASD	asperger	n/a	134.0	136.0	124.0	11.0	n/a	77.0	False
sub-0051017	1	22.04	M	NYU	NYU	ASD	asperger	n/a	137.0	136.0	129.0	13.0	n/a	70.0	True
sub-0051018	1	20.25	M	NYU	NYU	ASD	asperger	n/a	116.0	115.0	114.0	8.0	n/a	67.0	False
sub-0051019	1	22.29	M	NYU	NYU	ASD	asperger	n/a	108.0	107.0	109.0	8.0	n/a	51.0	False
sub-0051020	1	28.58	M	NYU	NYU	ASD	autism	n/a	107.0	108.0	103.0	13.0	n/a	65.0	True
sub-0051021	1	23.66	M	NYU	NYU	ASD	autism	n/a	112.0	120.0	101.0	8.0	n/a	144.0	True
sub-0051023	1	20.62	M	NYU	NYU	ASD	autism	n/a	115.0	108.0	119.0	16.0	n/a	90.0	False
sub-0051024	1	39.1	M	NYU	NYU	ASD	autism	n/a	98.0	91.0	103.0	15.0	n/a	73.0	True
sub-0051025	1	19.64	M	NYU	NYU	ASD	autism	n/a	94.0	81.0	109.0	17.0	n/a	59.0	False
sub-0051026	1	18.58	M	NYU	NYU	ASD	autism	n/a	108.0	110.0	103.0	5.0	n/a	n/a	True
sub-0051027	1	22.98	M	NYU	NYU	ASD	autism	n/a	102.0	106.0	99.0	10.0	n/a	118.0	False
sub-0051028	1	29.18	M	NYU	NYU	ASD	autism	n/a	80.0	73.0	92.0	18.0	n/a	164.0	False
sub-0051029	1	26.516	M	NYU	NYU	ASD	autism	n/a	107.0	107.0	110.0	12.0	n/a	118.0	True
sub-0051030	1	7.29	M	NYU	NYU	ASD	PDD-NOS	n/a	139.0	129.0	140.0	13.0	8.0	40.0	True
sub-0051032	1	7.15	M	NYU	NYU	ASD	autism	n/a	93.0	104.0	85.0	10.0	6.0	66.0	False
sub-0051033	1	9.98	M	NYU	NYU	ASD	autism	n/a	113.0	102.0	123.0	18.0	10.0	77.0	False
sub-0051034	1	10.65	M	NYU	NYU	ASD	autism	n/a	109.0	112.0	103.0	8.0	6.0	43.0	False
sub-0051035	1	10.27	M	NYU	NYU	ASD	autism	n/a	100.0	95.0	106.0	10.0	6.0	101.0	False
sub-0051036	1	8.04	F	NYU	NYU	TDC	control	n/a	101.0	102.0	99.0	n/a	n/a	54.0	False
sub-0051038	1	8.26	F	NYU	NYU	TDC	control	n/a	134.0	143.0	117.0	n/a	n/a	14.0	False
sub-0051039	1	8.5	F	NYU	NYU	TDC	control	n/a	136.0	131.0	133.0	n/a	n/a	17.0	False
sub-0051040	1	8.52	F	NYU	NYU	TDC	control	n/a	129.0	132.0	120.0	n/a	n/a	28.0	False
sub-0051041	1	8.9	F	NYU	NYU	TDC	control	n/a	100.0	100.0	99.0	n/a	n/a	23.0	False
sub-0051042	1	8.91	F	NYU	NYU	TDC	control	n/a	125.0	117.0	128.0	n/a	n/a	21.0	False
sub-0051044	1	10.86	F	NYU	NYU	TDC	control	n/a	106.0	99.0	111.0	n/a	n/a	8.0	False
sub-0051045	1	11.56	F	NYU	NYU	TDC	control	n/a	80.0	85.0	79.0	n/a	n/a	22.0	False
sub-0051046	1	11.56	F	NYU	NYU	TDC	control	n/a	103.0	115.0	91.0	n/a	n/a	6.0	False
sub-0051047	1	12.1	F	NYU	NYU	TDC	control	n/a	123.0	119.0	119.0	n/a	n/a	19.0	False
sub-0051048	1	12.44	F	NYU	NYU	TDC	control	n/a	124.0	117.0	126.0	n/a	n/a	10.0	False
sub-0051049	1	13.22	F	NYU	NYU	TDC	control	n/a	104.0	108.0	99.0	n/a	n/a	17.0	False
sub-0051050	1	13.25	F	NYU	NYU	TDC	control	n/a	100.0	99.0	101.0	n/a	n/a	30.0	False
sub-0051051	1	14.06	F	NYU	NYU	TDC	control	n/a	115.0	109.0	119.0	n/a	n/a	16.0	False
sub-0051052	1	14.18	F	NYU	NYU	TDC	control	n/a	117.0	108.0	124.0	n/a	n/a	20.0	False
sub-0051053	1	14.38	F	NYU	NYU	TDC	control	n/a	123.0	119.0	120.0	n/a	n/a	0.0	False
sub-0051054	1	14.42	F	NYU	NYU	TDC	control	n/a	132.0	132.0	124.0	n/a	n/a	15.0	False
sub-0051055	1	15.95	F	NYU	NYU	TDC	control	n/a	113.0	118.0	106.0	n/a	n/a	22.0	False
sub-0051056	1	17.31	F	NYU	NYU	TDC	control	n/a	98.0	103.0	92.0	n/a	n/a	2.0	False
sub-0051057	1	21.58	F	NYU	NYU	TDC	control	n/a	113.0	109.0	114.0	n/a	n/a	n/a	False
sub-0051058	1	22.11	F	NYU	NYU	TDC	control	n/a	112.0	113.0	107.0	n/a	n/a	n/a	False
sub-0051059	1	22.76	F	NYU	NYU	TDC	control	n/a	113.0	113.0	109.0	n/a	n/a	n/a	False
sub-0051060	1	22.74	F	NYU	NYU	TDC	control	n/a	118.0	118.0	114.0	n/a	n/a	n/a	False
sub-0051061	1	27.03	F	NYU	NYU	TDC	control	n/a	109.0	115.0	102.0	n/a	n/a	n/a	False
sub-0051062	1	27.76	F	NYU	NYU	TDC	control	n/a	91.0	98.0	87.0	n/a	n/a	n/a	False
sub-0051063	1	29.13	F	NYU	NYU	TDC	control	n/a	120.0	118.0	118.0	n/a	n/a	n/a	False
sub-0051064	1	7.26	M	NYU	NYU	TDC	control	n/a	119.0	127.0	108.0	n/a	n/a	15.0	False
sub-0051065	1	10.52	M	NYU	NYU	TDC	control	n/a	105.0	111.0	97.0	n/a	n/a	26.0	False
sub-0051066	1	18.59	M	NYU	NYU	TDC	control	n/a	112.0	117.0	105.0	n/a	n/a	n/a	False
sub-0051067	1	23.65	M	NYU	NYU	TDC	control	n/a	116.0	109.0	119.0	n/a	n/a	n/a	False
sub-0051068	1	31.78	M	NYU	NYU	TDC	control	n/a	104.0	104.0	103.0	n/a	n/a	n/a	False
sub-0051069	1	8.15	M	NYU	NYU	TDC	control	n/a	118.0	115.0	117.0	n/a	n/a	5.0	False
sub-0051070	1	7.29	M	NYU	NYU	TDC	control	n/a	109.0	112.0	103.0	n/a	n/a	15.0	False
sub-0051071	1	10.69	M	NYU	NYU	TDC	control	n/a	80.0	92.0	72.0	n/a	n/a	5.0	False
sub-0051072	1	11.91	M	NYU	NYU	TDC	control	n/a	121.0	120.0	117.0	n/a	n/a	42.0	False
sub-0051073	1	12.49	M	NYU	NYU	TDC	control	n/a	126.0	109.0	137.0	n/a	n/a	29.0	False
sub-0051074	1	12.81	M	NYU	NYU	TDC	control	n/a	123.0	117.0	124.0	n/a	n/a	7.0	False
sub-0051075	1	14.2	M	NYU	NYU	TDC	control	n/a	109.0	121.0	96.0	n/a	n/a	40.0	False
sub-0051076	1	16.93	M	NYU	NYU	TDC	control	n/a	124.0	120.0	120.0	n/a	n/a	23.0	False
sub-0051077	1	17.3	M	NYU	NYU	TDC	control	n/a	109.0	113.0	104.0	n/a	n/a	31.0	False
sub-0051078	1	6.47	M	NYU	NYU	TDC	control	n/a	114.0	113.0	111.0	n/a	n/a	12.0	False
sub-0051079	1	7.19	M	NYU	NYU	TDC	control	n/a	129.0	120.0	131.0	n/a	n/a	26.0	False
sub-0051080	1	8.01	M	NYU	NYU	TDC	control	n/a	110.0	117.0	102.0	n/a	n/a	11.0	False
sub-0051081	1	8.82	M	NYU	NYU	TDC	control	n/a	98.0	88.0	108.0	n/a	n/a	50.0	False
sub-0051082	1	8.88	M	NYU	NYU	TDC	control	n/a	119.0	127.0	108.0	n/a	n/a	21.0	False
sub-0051083	1	8.93	M	NYU	NYU	TDC	control	n/a	100.0	91.0	109.0	n/a	n/a	6.0	False
sub-0051084	1	9.23	M	NYU	NYU	TDC	control	n/a	118.0	127.0	106.0	n/a	n/a	19.0	False
sub-0051085	1	9.81	M	NYU	NYU	TDC	control	n/a	101.0	109.0	93.0	n/a	n/a	12.0	False
sub-0051086	1	10.46	M	NYU	NYU	TDC	control	n/a	119.0	118.0	116.0	n/a	n/a	23.0	False
sub-0051087	1	10.52	M	NYU	NYU	TDC	control	n/a	111.0	102.0	119.0	n/a	n/a	18.0	False
sub-0051088	1	10.73	M	NYU	NYU	TDC	control	n/a	121.0	120.0	117.0	n/a	n/a	16.0	False
sub-0051089	1	10.76	M	NYU	NYU	TDC	control	n/a	138.0	131.0	135.0	n/a	n/a	0.0	False
sub-0051090	1	11.03	M	NYU	NYU	TDC	control	n/a	107.0	105.0	107.0	n/a	n/a	19.0	False
sub-0051091	1	11.32	M	NYU	NYU	TDC	control	n/a	142.0	141.0	133.0	n/a	n/a	12.0	False
sub-0051093	1	11.69	M	NYU	NYU	TDC	control	n/a	116.0	113.0	116.0	n/a	n/a	n/a	False
sub-0051094	1	12.1	M	NYU	NYU	TDC	control	n/a	107.0	112.0	99.0	n/a	n/a	19.0	False
sub-0051095	1	12.23	M	NYU	NYU	TDC	control	n/a	123.0	134.0	106.0	n/a	n/a	31.0	False
sub-0051096	1	13.18	M	NYU	NYU	TDC	control	n/a	101.0	95.0	106.0	n/a	n/a	27.0	False
sub-0051097	1	13.583	M	NYU	NYU	TDC	control	n/a	126.0	126.0	119.0	n/a	n/a	15.0	False
sub-0051098	1	13.628	M	NYU	NYU	TDC	control	n/a	134.0	131.0	129.0	n/a	n/a	52.0	False
sub-0051099	1	13.72	M	NYU	NYU	TDC	control	n/a	87.0	93.0	86.0	n/a	n/a	28.0	False
sub-0051100	1	14.36	M	NYU	NYU	TDC	control	n/a	91.0	102.0	83.0	n/a	n/a	21.0	False
sub-0051101	1	14.425	M	NYU	NYU	TDC	control	n/a	104.0	116.0	92.0	n/a	n/a	20.0	False
sub-0051102	1	14.653	M	NYU	NYU	TDC	control	n/a	110.0	119.0	100.0	n/a	n/a	56.0	False
sub-0051103	1	14.66	M	NYU	NYU	TDC	control	n/a	126.0	115.0	132.0	n/a	n/a	19.0	False
sub-0051104	1	15.27	M	NYU	NYU	TDC	control	n/a	104.0	96.0	110.0	n/a	n/a	13.0	False
sub-0051105	1	15.284	M	NYU	NYU	TDC	control	n/a	83.0	80.0	89.0	n/a	n/a	8.0	False
sub-0051106	1	15.42	M	NYU	NYU	TDC	control	n/a	85.0	108.0	67.0	n/a	n/a	34.0	False
sub-0051107	1	15.53	M	NYU	NYU	TDC	control	n/a	107.0	112.0	99.0	n/a	n/a	17.0	False
sub-0051108	1	15.71	M	NYU	NYU	TDC	control	n/a	108.0	103.0	110.0	n/a	n/a	11.0	False
sub-0051109	1	16.13	M	NYU	NYU	TDC	control	n/a	109.0	109.0	106.0	n/a	n/a	48.0	False
sub-0051110	1	16.28	M	NYU	NYU	TDC	control	n/a	125.0	122.0	120.0	n/a	n/a	19.0	False
sub-0051111	1	16.55	M	NYU	NYU	TDC	control	n/a	113.0	114.0	109.0	n/a	n/a	10.0	False
sub-0051112	1	19.228	M	NYU	NYU	TDC	control	n/a	129.0	127.0	125.0	n/a	n/a	n/a	False
sub-0051113	1	22.38	M	NYU	NYU	TDC	control	n/a	109.0	113.0	103.0	n/a	n/a	n/a	False
sub-0051114	1	22.48	M	NYU	NYU	TDC	control	n/a	123.0	122.0	118.0	n/a	n/a	n/a	False
sub-0051115	1	22.76	M	NYU	NYU	TDC	control	n/a	119.0	129.0	106.0	n/a	n/a	n/a	False
sub-0051116	1	25.34	M	NYU	NYU	TDC	control	n/a	115.0	109.0	118.0	n/a	n/a	n/a	False
sub-0051117	1	28.203	M	NYU	NYU	TDC	control	n/a	103.0	104.0	102.0	n/a	n/a	n/a	False
sub-0051118	1	29.02	M	NYU	NYU	TDC	control	n/a	122.0	115.0	124.0	n/a	n/a	n/a	False
sub-0051119	1	30.724	M	NYU	NYU	TDC	control	n/a	123.0	128.0	111.0	n/a	n/a	n/a	False
sub-0051120	1	10.19	M	NYU	NYU	TDC	control	n/a	115.0	119.0	106.0	n/a	n/a	22.0	False
sub-0051121	1	10.74	M	NYU	NYU	TDC	control	n/a	113.0	103.0	121.0	n/a	n/a	13.0	False
sub-0051122	1	11.92	M	NYU	NYU	TDC	control	n/a	111.0	102.0	119.0	n/a	n/a	45.0	False
sub-0051123	1	12.07	M	NYU	NYU	TDC	control	n/a	130.0	126.0	128.0	n/a	n/a	9.0	False
sub-0051124	1	12.67	M	NYU	NYU	TDC	control	n/a	124.0	121.0	120.0	n/a	n/a	17.0	False
sub-0051125	1	14.79	M	NYU	NYU	TDC	control	n/a	112.0	116.0	106.0	n/a	n/a	12.0	False
sub-0051126	1	16.31	M	NYU	NYU	TDC	control	n/a	81.0	83.0	83.0	n/a	n/a	24.0	False
sub-0051127	1	16.55	M	NYU	NYU	TDC	control	n/a	91.0	88.0	96.0	n/a	n/a	14.0	False
sub-0051128	1	16.88	M	NYU	NYU	TDC	control	n/a	125.0	121.0	123.0	n/a	n/a	n/a	False
sub-0051129	1	17.7	M	NYU	NYU	TDC	control	n/a	102.0	111.0	92.0	n/a	n/a	46.0	False
sub-0051130	1	19.13	M	NYU	NYU	TDC	control	n/a	107.0	97.0	117.0	n/a	n/a	n/a	False
sub-0051131	1	19.73	M	NYU	NYU	TDC	control	n/a	119.0	112.0	123.0	n/a	n/a	n/a	False
sub-0051132	1	24.83	M	TRINITY	Trinity	TDC	control	R	119.0	113.0	121.0	n/a	n/a	n/a	False
sub-0051133	1	12.04	M	TRINITY	Trinity	TDC	control	R	91.0	100.0	84.0	n/a	n/a	n/a	False
sub-0051134	1	16.83	M	TRINITY	Trinity	TDC	control	R	89.0	81.0	101.0	n/a	n/a	n/a	False
sub-0051135	1	13.75	M	TRINITY	Trinity	TDC	control	R	101.0	95.0	108.0	n/a	n/a	n/a	False
sub-0051136	1	12.66	M	TRINITY	Trinity	TDC	control	R	126.0	125.0	120.0	n/a	n/a	n/a	False
sub-0051137	1	13.25	M	TRINITY	Trinity	TDC	control	R	131.0	137.0	120.0	n/a	n/a	n/a	False
sub-0051138	1	12.66	M	TRINITY	Trinity	TDC	control	R	99.0	94.0	103.0	n/a	n/a	n/a	False
sub-0051139	1	19.5	M	TRINITY	Trinity	TDC	control	R	112.0	115.0	112.0	n/a	n/a	n/a	False
sub-0051140	1	15.75	M	TRINITY	Trinity	TDC	control	R	128.0	132.0	121.0	n/a	n/a	n/a	False
sub-0051141	1	15.91	M	TRINITY	Trinity	TDC	control	R	97.0	91.0	102.0	n/a	n/a	n/a	False
sub-0051142	1	14.91	M	TRINITY	Trinity	TDC	control	R	104.0	101.0	105.0	n/a	n/a	n/a	False
sub-0051146	1	20.02	M	NYU	NYU	TDC	control	n/a	106.0	96.0	116.0	n/a	n/a	n/a	False
sub-0051147	1	20.04	M	NYU	NYU	TDC	control	n/a	129.0	129.0	111.0	n/a	n/a	n/a	False
sub-0051148	1	20.3	M	NYU	NYU	TDC	control	n/a	107.0	108.0	104.0	n/a	n/a	n/a	False
sub-0051149	1	20.56	M	NYU	NYU	TDC	control	n/a	113.0	107.0	118.0	n/a	n/a	n/a	False
sub-0051150	1	22.77	M	NYU	NYU	TDC	control	n/a	132.0	130.0	127.0	n/a	n/a	n/a	False
sub-0051151	1	23.08	M	NYU	NYU	TDC	control	n/a	122.0	121.0	117.0	n/a	n/a	n/a	False
sub-0051152	1	23.35	M	NYU	NYU	TDC	control	n/a	139.0	140.0	129.0	n/a	n/a	n/a	False
sub-0051153	1	26.17	M	NYU	NYU	TDC	control	n/a	114.0	117.0	108.0	n/a	n/a	n/a	False
sub-0051154	1	30.08	M	NYU	NYU	TDC	control	n/a	104.0	103.0	104.0	n/a	n/a	n/a	False
sub-0051155	1	30.78	M	NYU	NYU	TDC	control	n/a	104.0	106.0	100.0	n/a	n/a	n/a	False
sub-0051156	1	21.15	M	NYU	NYU	TDC	control	n/a	120.0	118.0	119.0	n/a	n/a	n/a	False
sub-0051159	1	12.81	M	NYU	NYU	TDC	control	n/a	118.0	122.0	109.0	n/a	n/a	11.0	False
sub-0051160	1	7.9336	M	STANFORD	Stanford	ASD	n/a	R	98.0	97.0	99.0	7.0	n/a	n/a	False
sub-0051161	1	9.0301	M	STANFORD	Stanford	ASD	n/a	R	94.0	95.0	95.0	18.0	9.0	n/a	False
sub-0051162	1	8.9199	F	STANFORD	Stanford	ASD	n/a	L	111.0	106.0	116.0	9.0	4.0	n/a	False
sub-0051163	1	9.0821	M	STANFORD	Stanford	ASD	n/a	R	137.0	137.0	128.0	13.0	9.0	n/a	True
sub-0051164	1	8.4216	F	STANFORD	Stanford	ASD	n/a	Ambi	105.0	88.0	124.0	9.0	n/a	n/a	False
sub-0051165	1	11.8433	M	STANFORD	Stanford	ASD	n/a	R	78.0	72.0	89.0	13.0	n/a	n/a	False
sub-0051166	1	8.3833	M	STANFORD	Stanford	ASD	n/a	R	100.0	93.0	106.0	n/a	n/a	n/a	False
sub-0051167	1	11.8789	F	STANFORD	Stanford	ASD	n/a	R	98.0	96.0	99.0	8.0	n/a	n/a	False
sub-0051168	1	11.2628	M	STANFORD	Stanford	ASD	n/a	L	112.0	108.0	114.0	16.0	9.0	n/a	True
sub-0051169	1	9.7775	M	STANFORD	Stanford	ASD	n/a	L	127.0	131.0	117.0	10.0	6.0	n/a	False
sub-0051170	1	10.8652	F	STANFORD	Stanford	ASD	n/a	R	97.0	86.0	109.0	16.0	9.0	n/a	True
sub-0051171	1	12.9363	M	STANFORD	Stanford	ASD	n/a	R	141.0	143.0	129.0	15.0	10.0	n/a	False
sub-0051172	1	8.7912	M	STANFORD	Stanford	ASD	n/a	R	127.0	149.0	101.0	11.0	7.0	n/a	False
sub-0051173	1	7.5284	M	STANFORD	Stanford	ASD	n/a	R	124.0	113.0	129.0	10.0	7.0	n/a	False
sub-0051174	1	9.9473	M	STANFORD	Stanford	ASD	n/a	R	114.0	106.0	119.0	7.0	n/a	n/a	True
sub-0051175	1	8.5804	M	STANFORD	Stanford	ASD	n/a	R	107.0	99.0	111.0	14.0	n/a	n/a	False
sub-0051176	1	9.271	M	STANFORD	Stanford	ASD	n/a	L	148.0	127.0	157.0	12.0	n/a	n/a	True
sub-0051177	1	11.6982	M	STANFORD	Stanford	ASD	n/a	R	113.0	117.0	106.0	14.0	n/a	n/a	False
sub-0051178	1	11.4326	M	STANFORD	Stanford	ASD	n/a	R	123.0	121.0	118.0	9.0	6.0	n/a	False
sub-0051179	1	11.6543	M	STANFORD	Stanford	ASD	n/a	R	97.0	101.0	93.0	12.0	6.0	n/a	True
sub-0051180	1	7.7502	F	STANFORD	Stanford	TDC	n/a	R	136.0	144.0	119.0	n/a	n/a	n/a	n/a
sub-0051181	1	9.3149	M	STANFORD	Stanford	TDC	n/a	R	121.0	122.0	115.0	n/a	n/a	n/a	n/a
sub-0051182	1	10.6927	M	STANFORD	Stanford	TDC	n/a	R	93.0	88.0	99.0	n/a	n/a	n/a	n/a
sub-0051183	1	8.2656	M	STANFORD	Stanford	TDC	n/a	R	98.0	103.0	93.0	n/a	n/a	n/a	n/a
sub-0051184	1	9.1068	F	STANFORD	Stanford	TDC	n/a	R	124.0	98.0	145.0	n/a	n/a	n/a	n/a
sub-0051185	1	8.2464	M	STANFORD	Stanford	TDC	n/a	R	119.0	107.0	129.0	n/a	n/a	n/a	n/a
sub-0051186	1	8.3203	M	STANFORD	Stanford	TDC	n/a	R	98.0	88.0	107.0	n/a	n/a	n/a	n/a
sub-0051187	1	8.3313	M	STANFORD	Stanford	TDC	n/a	R	105.0	115.0	93.0	n/a	n/a	n/a	n/a
sub-0051188	1	8.9747	F	STANFORD	Stanford	TDC	n/a	R	80.0	83.0	81.0	n/a	n/a	n/a	n/a
sub-0051189	1	9.2081	M	STANFORD	Stanford	TDC	n/a	R	123.0	136.0	105.0	n/a	n/a	n/a	n/a
sub-0051190	1	8.9363	M	STANFORD	Stanford	TDC	n/a	Ambi	123.0	107.0	135.0	n/a	n/a	n/a	n/a
sub-0051191	1	9.7201	M	STANFORD	Stanford	TDC	n/a	R	79.0	67.0	99.0	n/a	n/a	n/a	n/a
sub-0051192	1	10.2218	F	STANFORD	Stanford	TDC	n/a	R	124.0	130.0	112.0	n/a	n/a	n/a	n/a
sub-0051193	1	9.5202	M	STANFORD	Stanford	TDC	n/a	R	122.0	132.0	107.0	n/a	n/a	n/a	n/a
sub-0051194	1	12.3477	M	STANFORD	Stanford	TDC	n/a	R	118.0	106.0	129.0	n/a	n/a	n/a	n/a
sub-0051195	1	11.178	M	STANFORD	Stanford	TDC	n/a	R	110.0	115.0	103.0	n/a	n/a	n/a	n/a
sub-0051196	1	11.8816	M	STANFORD	Stanford	TDC	n/a	R	117.0	131.0	101.0	n/a	n/a	n/a	n/a
sub-0051197	1	12.4298	M	STANFORD	Stanford	TDC	n/a	R	113.0	118.0	106.0	n/a	n/a	n/a	n/a
sub-0051198	1	12.2546	M	STANFORD	Stanford	TDC	n/a	Ambi	114.0	109.0	115.0	n/a	n/a	n/a	n/a
sub-0051199	1	12.3833	M	STANFORD	Stanford	TDC	n/a	R	125.0	125.0	119.0	n/a	n/a	n/a	n/a
sub-0051201	1	13.52	M	UCLA_1	UCLA_1	ASD	autism	R	104.0	98.0	109.0	9.0	5.0	n/a	True
sub-0051202	1	11.56	M	UCLA_1	UCLA_1	ASD	autism	R	98.0	110.0	86.0	9.0	n/a	n/a	True
sub-0051203	1	13.37	M	UCLA_1	UCLA_1	ASD	autism	R	103.0	91.0	116.0	5.0	n/a	n/a	False
sub-0051204	1	14.57	M	UCLA_1	UCLA_1	ASD	autism	R	98.0	110.0	90.0	9.0	5.0	n/a	False
sub-0051205	1	17.94	M	UCLA_1	UCLA_1	ASD	autism	R	102.0	105.0	99.0	2.0	1.0	n/a	True
sub-0051206	1	15.78	M	UCLA_1	UCLA_1	ASD	autism	R	102.0	98.0	104.0	12.0	6.0	n/a	False
sub-0051207	1	14.11	F	UCLA_1	UCLA_1	ASD	autism	R	112.0	100.0	123.0	10.0	6.0	n/a	True
sub-0051208	1	16.98	M	UCLA_1	UCLA_1	ASD	autism	L	113.0	116.0	104.0	9.0	5.0	n/a	True
sub-0051209	1	9.99	M	UCLA_1	UCLA_1	ASD	autism	R	128.0	119.0	131.0	8.0	6.0	n/a	True
sub-0051210	1	16.56	M	UCLA_1	UCLA_1	ASD	autism	R	92.0	99.0	91.0	7.0	3.0	n/a	False
sub-0051211	1	11.27	M	UCLA_1	UCLA_1	ASD	autism	R	94.0	102.0	94.0	7.0	5.0	n/a	False
sub-0051212	1	15.66	M	UCLA_1	UCLA_1	ASD	autism	L	100.0	100.0	97.0	11.0	8.0	n/a	True
sub-0051213	1	9.11	M	UCLA_1	UCLA_1	ASD	autism	R	98.0	104.0	95.0	7.0	3.0	n/a	True
sub-0051214	1	10.41	M	UCLA_1	UCLA_1	ASD	autism	R	109.0	102.0	108.0	11.0	6.0	n/a	True
sub-0051215	1	11.56	F	UCLA_1	UCLA_1	ASD	autism	R	113.0	119.0	104.0	12.0	7.0	n/a	False
sub-0051216	1	10.54	M	UCLA_1	UCLA_1	ASD	autism	L	107.0	89.0	112.0	10.0	6.0	n/a	False
sub-0051217	1	15.22	M	UCLA_1	UCLA_1	ASD	autism	R	104.0	132.0	89.0	14.0	8.0	n/a	True
sub-0051218	1	16.87	M	UCLA_1	UCLA_1	ASD	autism	R	111.0	118.0	103.0	11.0	7.0	n/a	True
sub-0051219	1	13.93	F	UCLA_1	UCLA_1	ASD	autism	R	79.0	85.0	81.0	9.0	5.0	n/a	False
sub-0051220	1	14.74	M	UCLA_1	UCLA_1	ASD	autism	R	99.0	121.0	90.0	4.0	3.0	n/a	False
sub-0051221	1	14.58	M	UCLA_1	UCLA_1	ASD	autism	R	75.0	98.0	73.0	10.0	7.0	n/a	True
sub-0051222	1	11.81	M	UCLA_1	UCLA_1	ASD	autism	R	113.0	114.0	106.0	12.0	7.0	n/a	True
sub-0051223	1	13.31	M	UCLA_1	UCLA_1	ASD	autism	R	119.0	96.0	121.0	16.0	8.0	n/a	False
sub-0051224	1	12.99	M	UCLA_1	UCLA_1	ASD	autism	R	112.0	105.0	119.0	7.0	4.0	n/a	False
sub-0051225	1	12.33	M	UCLA_1	UCLA_1	ASD	autism	R	111.0	119.0	102.0	5.0	3.0	n/a	False
sub-0051226	1	9.26	F	UCLA_1	UCLA_1	ASD	autism	R	102.0	99.0	104.0	14.0	7.0	n/a	False
sub-0051227	1	14.53	M	UCLA_1	UCLA_1	ASD	autism	R	95.0	87.0	101.0	10.0	6.0	n/a	False
sub-0051228	1	8.36	F	UCLA_1	UCLA_1	ASD	autism	R	95.0	91.0	98.0	13.0	7.0	n/a	True
sub-0051229	1	14.59	M	UCLA_1	UCLA_1	ASD	autism	R	95.0	115.0	77.0	9.0	3.0	n/a	False
sub-0051230	1	17.53	F	UCLA_1	UCLA_1	ASD	autism	R	127.0	132.0	116.0	3.0	n/a	n/a	False
sub-0051231	1	10.28	M	UCLA_1	UCLA_1	ASD	autism	R	103.0	104.0	98.0	14.0	9.0	n/a	False
sub-0051232	1	15.79	M	UCLA_1	n/a	ASD	autism	R	89.0	94.0	88.0	19.0	10.0	n/a	False
sub-0051233	1	12.75	M	UCLA_1	n/a	ASD	autism	R	79.0	90.0	72.0	4.0	2.0	n/a	True
sub-0051234	1	10.91	M	UCLA_1	UCLA_1	ASD	autism	R	87.0	93.0	89.0	14.0	8.0	n/a	False
sub-0051235	1	10.67	M	UCLA_1	UCLA_1	ASD	autism	R	132.0	130.0	122.0	15.0	10.0	n/a	False
sub-0051236	1	12.42	M	UCLA_1	UCLA_1	ASD	autism	R	89.0	85.0	94.0	10.0	7.0	n/a	True
sub-0051237	1	17.4	M	UCLA_1	UCLA_1	ASD	autism	R	100.0	112.0	94.0	9.0	n/a	n/a	False
sub-0051238	1	10.85	M	UCLA_1	UCLA_1	ASD	autism	R	73.0	67.0	82.0	15.0	9.0	n/a	False
sub-0051239	1	13.67	M	UCLA_1	UCLA_1	ASD	autism	R	86.0	98.0	83.0	10.0	8.0	n/a	True
sub-0051240	1	14.96	M	UCLA_1	UCLA_1	ASD	autism	R	121.0	106.0	120.0	14.0	8.0	n/a	False
sub-0051241	1	10.9	M	UCLA_1	UCLA_1	ASD	autism	R	95.0	87.0	105.0	13.0	8.0	n/a	True
sub-0051242	1	14.14	F	UCLA_1	n/a	ASD	autism	R	81.0	79.0	86.0	10.0	6.0	n/a	True
sub-0051243	1	11.69	M	UCLA_1	n/a	ASD	autism	R	101.0	96.0	100.0	14.0	7.0	n/a	True
sub-0051244	1	13.09	M	UCLA_1	n/a	ASD	autism	R	n/a	83.0	90.0	12.0	7.0	n/a	True
sub-0051245	1	14.98	M	UCLA_1	n/a	ASD	autism	R	64.0	59.0	73.0	16.0	n/a	n/a	False
sub-0051246	1	13.1	M	UCLA_1	n/a	ASD	autism	R	84.0	85.0	87.0	14.0	9.0	n/a	False
sub-0051247	1	11.97	M	UCLA_1	n/a	ASD	autism	R	118.0	108.0	114.0	16.0	10.0	n/a	True
sub-0051248	1	13.5	M	UCLA_1	UCLA_1	ASD	autism	R	110.0	99.0	110.0	14.0	7.0	n/a	True
sub-0051249	1	8.49	M	UCLA_1	UCLA_1	ASD	autism	R	107.0	112.0	103.0	17.0	9.0	n/a	False
sub-0051250	1	14.88	M	UCLA_1	UCLA_1	TDC	control	R	110.0	108.0	110.0	n/a	n/a	n/a	True
sub-0051251	1	12.36	M	UCLA_1	UCLA_1	TDC	control	R	96.0	86.0	107.0	n/a	n/a	n/a	False
sub-0051252	1	10.99	M	UCLA_1	UCLA_1	TDC	control	R	116.0	118.0	110.0	n/a	n/a	n/a	False
sub-0051253	1	11.8	M	UCLA_1	UCLA_1	TDC	control	L	109.0	108.0	110.0	n/a	n/a	n/a	False
sub-0051254	1	14.44	M	UCLA_1	UCLA_1	TDC	control	L	113.0	107.0	117.0	n/a	n/a	n/a	False
sub-0051255	1	14.8	M	UCLA_1	UCLA_1	TDC	control	R	88.0	88.0	93.0	n/a	n/a	n/a	False
sub-0051256	1	15.04	M	UCLA_1	UCLA_1	TDC	control	R	108.0	109.0	106.0	n/a	n/a	n/a	False
sub-0051257	1	13.38	M	UCLA_1	UCLA_1	TDC	control	R	106.0	105.0	105.0	n/a	n/a	n/a	False
sub-0051258	1	11.55	M	UCLA_1	UCLA_1	TDC	control	R	90.0	92.0	91.0	n/a	n/a	n/a	False
sub-0051259	1	11.07	M	UCLA_1	UCLA_1	TDC	control	R	117.0	125.0	106.0	n/a	n/a	n/a	False
sub-0051260	1	13.66	M	UCLA_1	UCLA_1	TDC	control	R	95.0	117.0	76.0	n/a	n/a	n/a	False
sub-0051261	1	17.79	M	UCLA_1	UCLA_1	TDC	control	R	95.0	100.0	90.0	n/a	n/a	n/a	False
sub-0051262	1	11.56	M	UCLA_1	UCLA_1	TDC	control	R	97.0	97.0	96.0	n/a	n/a	n/a	False
sub-0051263	1	16.03	M	UCLA_1	UCLA_1	TDC	control	R	87.0	89.0	89.0	n/a	n/a	n/a	False
sub-0051264	1	13.46	F	UCLA_1	UCLA_1	TDC	control	R	107.0	109.0	102.0	n/a	n/a	n/a	False
sub-0051265	1	15.92	M	UCLA_1	UCLA_1	TDC	control	R	108.0	108.0	106.0	n/a	n/a	n/a	False
sub-0051266	1	14.03	M	UCLA_1	UCLA_1	TDC	control	R	108.0	107.0	108.0	n/a	n/a	n/a	False
sub-0051267	1	11.25	F	UCLA_1	UCLA_1	TDC	control	R	118.0	119.0	112.0	n/a	n/a	n/a	False
sub-0051268	1	17.78	M	UCLA_1	UCLA_1	TDC	control	R	105.0	99.0	109.0	n/a	n/a	n/a	False
sub-0051269	1	14.29	M	UCLA_1	UCLA_1	TDC	control	R	94.0	95.0	95.0	n/a	n/a	n/a	False
sub-0051270	1	11.08	M	UCLA_1	n/a	TDC	control	R	117.0	113.0	117.0	n/a	n/a	n/a	False
sub-0051271	1	12.09	M	UCLA_1	UCLA_1	TDC	control	R	113.0	121.0	102.0	n/a	n/a	n/a	False
sub-0051272	1	13.41	M	UCLA_1	UCLA_1	TDC	control	R	84.0	94.0	77.0	n/a	n/a	n/a	False
sub-0051273	1	12.68	M	UCLA_1	UCLA_1	TDC	control	R	104.0	109.0	98.0	n/a	n/a	n/a	False
sub-0051274	1	10.96	M	UCLA_1	UCLA_1	TDC	control	R	125.0	115.0	129.0	n/a	n/a	n/a	False
sub-0051275	1	15.74	M	UCLA_1	UCLA_1	TDC	control	R	106.0	109.0	99.0	n/a	n/a	n/a	False
sub-0051276	1	13.85	M	UCLA_1	UCLA_1	TDC	control	R	105.0	98.0	109.0	n/a	n/a	n/a	False
sub-0051277	1	12.01	M	UCLA_1	UCLA_1	TDC	control	R	126.0	119.0	128.0	n/a	n/a	n/a	False
sub-0051278	1	9.21	M	UCLA_1	UCLA_1	TDC	control	L	109.0	121.0	97.0	n/a	n/a	n/a	False
sub-0051279	1	13.82	F	UCLA_1	UCLA_1	TDC	control	R	106.0	99.0	109.0	n/a	n/a	n/a	False
sub-0051280	1	9.5	M	UCLA_1	UCLA_1	TDC	control	R	109.0	123.0	96.0	n/a	n/a	n/a	False
sub-0051281	1	11.83	M	UCLA_1	UCLA_1	TDC	control	R	108.0	115.0	100.0	n/a	n/a	n/a	False
sub-0051282	1	12.73	F	UCLA_1	UCLA_1	TDC	control	R	91.0	88.0	96.0	n/a	n/a	n/a	False
sub-0051291	1	16.47	M	UCLA_2	UCLA_2	ASD	autism	R	86.0	83.0	91.0	11.0	n/a	n/a	False
sub-0051292	1	12.24	M	UCLA_2	UCLA_2	ASD	autism	R	75.0	83.0	79.0	11.0	8.0	n/a	True
sub-0051293	1	13.08	M	UCLA_2	UCLA_2	ASD	autism	R	92.0	102.0	90.0	16.0	10.0	n/a	True
sub-0051294	1	11.7	M	UCLA_2	UCLA_2	ASD	autism	R	87.0	89.0	90.0	9.0	6.0	n/a	True
sub-0051295	1	10.04	M	UCLA_2	UCLA_2	ASD	autism	L	108.0	95.0	120.0	14.0	7.0	n/a	True
sub-0051296	1	11.16	M	UCLA_2	UCLA_2	ASD	autism	R	77.0	71.0	85.0	17.0	10.0	n/a	True
sub-0051297	1	14.27	M	UCLA_2	UCLA_2	ASD	autism	L	88.0	98.0	87.0	14.0	9.0	n/a	False
sub-0051298	1	10.57	M	UCLA_2	UCLA_2	ASD	autism	R	118.0	104.0	132.0	15.0	9.0	n/a	True
sub-0051299	1	14.77	M	UCLA_2	UCLA_2	ASD	autism	R	104.0	106.0	99.0	9.0	7.0	n/a	True
sub-0051300	1	14.08	M	UCLA_2	UCLA_2	ASD	autism	L	92.0	104.0	89.0	13.0	7.0	n/a	True
sub-0051301	1	13.28	M	UCLA_2	UCLA_2	ASD	autism	R	91.0	108.0	86.0	15.0	9.0	n/a	False
sub-0051302	1	10.85	M	UCLA_2	UCLA_2	ASD	autism	R	87.0	75.0	97.0	15.0	9.0	n/a	False
sub-0051303	1	13.0	F	UCLA_2	UCLA_2	TDC	control	R	99.0	95.0	103.0	n/a	n/a	n/a	False
sub-0051304	1	10.53	M	UCLA_2	UCLA_2	TDC	control	R	120.0	120.0	116.0	n/a	n/a	n/a	False
sub-0051305	1	12.64	F	UCLA_2	UCLA_2	TDC	control	R	102.0	105.0	99.0	n/a	n/a	n/a	False
sub-0051306	1	11.66	M	UCLA_2	UCLA_2	TDC	control	R	119.0	115.0	119.0	n/a	n/a	n/a	False
sub-0051307	1	12.15	M	UCLA_2	UCLA_2	TDC	control	R	128.0	127.0	124.0	n/a	n/a	n/a	False
sub-0051308	1	9.79	M	UCLA_2	UCLA_2	TDC	control	R	124.0	125.0	118.0	n/a	n/a	n/a	False
sub-0051309	1	11.9	M	UCLA_2	UCLA_2	TDC	control	R	107.0	116.0	97.0	n/a	n/a	n/a	False
sub-0051310	1	11.7	M	UCLA_2	n/a	TDC	control	R	87.0	90.0	88.0	n/a	n/a	n/a	False
sub-0051311	1	11.95	M	UCLA_2	UCLA_2	TDC	control	R	103.0	96.0	109.0	n/a	n/a	n/a	False
sub-0051312	1	12.9	M	UCLA_2	UCLA_2	TDC	control	R	123.0	123.0	116.0	n/a	n/a	n/a	False
sub-0051313	1	13.36	M	UCLA_2	UCLA_2	TDC	control	R	112.0	112.0	109.0	n/a	n/a	n/a	False
sub-0051314	1	13.12	M	UCLA_2	UCLA_2	TDC	control	R	97.0	106.0	89.0	n/a	n/a	n/a	False
sub-0051315	1	13.63	M	UCLA_2	UCLA_2	TDC	control	R	118.0	115.0	117.0	n/a	n/a	n/a	False
sub-0051316	1	12.66	M	UCLA_2	UCLA_2	TDC	control	L	94.0	87.0	103.0	n/a	n/a	n/a	False
sub-0051317	1	12.82	M	UCLA_2	UCLA_2	ASD	autism	R	102.0	99.0	103.0	n/a	n/a	n/a	False
sub-0051318	1	19.0	M	MAX_MUN	MaxMun_a	ASD	asperger	R	93.0	n/a	n/a	n/a	n/a	n/a	False
sub-0051319	1	33.0	M	MAX_MUN	MaxMun_a	ASD	asperger	R	118.0	n/a	n/a	n/a	n/a	n/a	False
sub-0051320	1	31.0	M	MAX_MUN	MaxMun_a	ASD	asperger	R	110.0	n/a	n/a	n/a	n/a	n/a	False
sub-0051321	1	45.0	F	MAX_MUN	MaxMun_a	ASD	asperger	R	129.0	n/a	n/a	n/a	n/a	n/a	False
sub-0051322	1	29.0	M	MAX_MUN	MaxMun_b	ASD	asperger	L	122.0	n/a	n/a	n/a	n/a	n/a	False
sub-0051323	1	30.0	M	MAX_MUN	MaxMun_b	ASD	asperger	R	118.0	n/a	n/a	n/a	n/a	n/a	False
sub-0051324	1	52.0	M	MAX_MUN	MaxMun_b	ASD	asperger	R	133.0	n/a	n/a	n/a	n/a	n/a	False
sub-0051325	1	32.0	F	MAX_MUN	MaxMun_b	ASD	asperger	L	110.0	n/a	n/a	n/a	n/a	n/a	False
sub-0051326	1	42.0	M	MAX_MUN	MaxMun_b	ASD	asperger	R	114.0	n/a	n/a	n/a	n/a	n/a	False
sub-0051327	1	58.0	M	MAX_MUN	MaxMun_b	ASD	asperger	R	129.0	n/a	n/a	n/a	n/a	n/a	False
sub-0051328	1	22.0	M	MAX_MUN	MaxMun_c	ASD	asperger	R	114.0	n/a	122.0	n/a	n/a	n/a	False
sub-0051329	1	18.0	M	MAX_MUN	MaxMun_d	ASD	asperger	R	95.0	n/a	106.0	n/a	n/a	n/a	False
sub-0051330	1	45.0	M	MAX_MUN	MaxMun_d	ASD	asperger	R	n/a	n/a	99.0	n/a	n/a	n/a	False
sub-0051331	1	35.0	M	MAX_MUN	MaxMun_d	ASD	asperger	R	n/a	n/a	119.0	n/a	n/a	n/a	False
sub-0051332	1	23.0	M	MAX_MUN	MaxMun_c	TDC	control	R	125.0	n/a	126.0	n/a	n/a	n/a	False
sub-0051333	1	24.0	M	MAX_MUN	MaxMun_c	TDC	control	R	99.0	n/a	89.0	n/a	n/a	n/a	False
sub-0051334	1	27.0	M	MAX_MUN	MaxMun_c	TDC	control	R	104.0	n/a	111.0	n/a	n/a	n/a	False
sub-0051335	1	23.0	M	MAX_MUN	MaxMun_c	TDC	control	R	122.0	n/a	126.0	n/a	n/a	n/a	False
sub-0051336	1	26.0	M	MAX_MUN	MaxMun_c	TDC	control	R	114.0	n/a	114.0	n/a	n/a	n/a	False
sub-0051338	1	30.0	M	MAX_MUN	MaxMun_c	TDC	control	R	110.0	n/a	122.0	n/a	n/a	n/a	False
sub-0051339	1	29.0	M	MAX_MUN	MaxMun_c	TDC	control	R	110.0	n/a	109.0	n/a	n/a	n/a	False
sub-0051340	1	29.0	M	MAX_MUN	MaxMun_c	TDC	control	R	110.0	n/a	83.0	n/a	n/a	n/a	False
sub-0051341	1	29.0	M	MAX_MUN	MaxMun_c	TDC	control	R	110.0	n/a	111.0	n/a	n/a	n/a	False
sub-0051342	1	23.0	M	MAX_MUN	MaxMun_c	TDC	control	R	107.0	n/a	102.0	n/a	n/a	n/a	False
sub-0051343	1	30.0	M	MAX_MUN	MaxMun_c	TDC	control	R	118.0	n/a	122.0	n/a	n/a	n/a	False
sub-0051344	1	22.0	M	MAX_MUN	MaxMun_c	TDC	control	R	118.0	n/a	96.0	n/a	n/a	n/a	False
sub-0051345	1	35.0	M	MAX_MUN	MaxMun_c	TDC	control	R	107.0	n/a	122.0	n/a	n/a	n/a	False
sub-0051346	1	25.0	M	MAX_MUN	MaxMun_c	TDC	control	R	118.0	n/a	104.0	n/a	n/a	n/a	False
sub-0051347	1	24.0	M	MAX_MUN	MaxMun_c	TDC	control	R	129.0	n/a	126.0	n/a	n/a	n/a	False
sub-0051348	1	8.0	M	MAX_MUN	MaxMun_c	ASD	asperger	R	102.0	n/a	n/a	8.0	n/a	n/a	False
sub-0051349	1	11.0	M	MAX_MUN	MaxMun_d	ASD	asperger	R	105.0	n/a	n/a	14.0	n/a	n/a	False
sub-0051350	1	11.0	M	MAX_MUN	MaxMun_d	ASD	autism	R	79.0	n/a	n/a	n/a	n/a	n/a	True
sub-0051351	1	11.0	M	MAX_MUN	MaxMun_d	ASD	autism	R	79.0	n/a	n/a	n/a	n/a	n/a	True
sub-0051352	1	9.0	M	MAX_MUN	MaxMun_d	ASD	asperger	R	104.0	n/a	n/a	14.0	n/a	n/a	False
sub-0051353	1	7.0	M	MAX_MUN	MaxMun_d	ASD	asperger	R	113.0	n/a	n/a	8.0	n/a	n/a	False
sub-0051354	1	12.0	M	MAX_MUN	MaxMun_d	ASD	asperger	R	101.0	n/a	n/a	6.0	n/a	n/a	False
sub-0051355	1	11.0	M	MAX_MUN	MaxMun_d	ASD	asperger	R	122.0	n/a	n/a	7.0	n/a	n/a	False
sub-0051356	1	10.0	M	MAX_MUN	MaxMun_d	TDC	control	R	129.0	n/a	n/a	n/a	n/a	n/a	False
sub-0051357	1	11.0	M	MAX_MUN	MaxMun_d	TDC	control	R	110.0	n/a	n/a	n/a	n/a	n/a	False
sub-0051358	1	10.0	M	MAX_MUN	MaxMun_d	TDC	control	R	113.0	n/a	n/a	n/a	n/a	n/a	False
sub-0051359	1	13.0	M	MAX_MUN	MaxMun_d	TDC	control	R	101.0	n/a	n/a	n/a	n/a	n/a	False
sub-0051360	1	7.0	M	MAX_MUN	MaxMun_d	TDC	control	R	98.0	n/a	n/a	n/a	n/a	n/a	False
sub-0051361	1	16.0	M	MAX_MUN	MaxMun_d	TDC	control	R	114.0	n/a	n/a	n/a	n/a	n/a	False
sub-0051362	1	33.0	M	MAX_MUN	MaxMun_a	TDC	control	R	114.0	n/a	n/a	n/a	n/a	n/a	False
sub-0051363	1	32.0	M	MAX_MUN	MaxMun_a	TDC	control	R	112.0	n/a	n/a	n/a	n/a	n/a	False
sub-0051364	1	26.0	M	MAX_MUN	MaxMun_a	TDC	control	R	122.0	n/a	n/a	n/a	n/a	n/a	False
sub-0051365	1	23.0	M	MAX_MUN	MaxMun_a	TDC	control	R	105.0	n/a	n/a	n/a	n/a	n/a	False
sub-0051366	1	32.0	F	MAX_MUN	MaxMun_a	TDC	control	R	112.0	n/a	n/a	n/a	n/a	n/a	False
sub-0051367	1	21.0	M	MAX_MUN	MaxMun_a	TDC	control	R	112.0	n/a	n/a	n/a	n/a	n/a	False
sub-0051368	1	28.0	F	MAX_MUN	MaxMun_a	TDC	control	R	114.0	n/a	n/a	n/a	n/a	n/a	False
sub-0051369	1	32.0	M	MAX_MUN	MaxMun_a	TDC	control	R	96.0	n/a	n/a	n/a	n/a	n/a	False
sub-0051370	1	32.0	F	MAX_MUN	MaxMun_a	TDC	control	R	95.0	n/a	n/a	n/a	n/a	n/a	False
sub-0051371	1	48.0	M	MAX_MUN	MaxMun_a	TDC	control	R	99.0	n/a	n/a	n/a	n/a	n/a	False
sub-0051372	1	46.0	F	MAX_MUN	MaxMun_a	TDC	control	R	112.0	n/a	n/a	n/a	n/a	n/a	False
sub-0051373	1	46.0	M	MAX_MUN	MaxMun_a	TDC	control	R	119.0	n/a	n/a	n/a	n/a	n/a	False
sub-0051456	1	55.4	M	CALTECH	Caltech	ASD	asperger or PDD-NOS	R	126.0	118.0	128.0	9.0	n/a	n/a	n/a
sub-0051457	1	22.9	M	CALTECH	Caltech	ASD	asperger or PDD-NOS	Ambi	107.0	119.0	93.0	8.0	n/a	n/a	n/a
sub-0051458	1	39.2	M	CALTECH	Caltech	ASD	autism	R	93.0	80.0	108.0	20.0	n/a	n/a	n/a
sub-0051459	1	22.8	M	CALTECH	Caltech	ASD	autism	R	106.0	94.0	118.0	12.0	n/a	n/a	n/a
sub-0051460	1	34.6	F	CALTECH	Caltech	ASD	autism	Ambi	133.0	135.0	122.0	13.0	n/a	n/a	n/a
sub-0051461	1	37.7	M	CALTECH	Caltech	ASD	asperger or PDD-NOS	R	99.0	111.0	84.0	9.0	n/a	n/a	n/a
sub-0051462	1	20.2	F	CALTECH	Caltech	ASD	autism	R	107.0	102.0	110.0	21.0	n/a	n/a	n/a
sub-0051463	1	20.2	F	CALTECH	Caltech	ASD	autism	R	102.0	101.0	103.0	20.0	n/a	n/a	n/a
sub-0051464	1	20.9	M	CALTECH	Caltech	ASD	autism	Ambi	101.0	118.0	109.0	12.0	n/a	n/a	n/a
sub-0051465	1	20.2	M	CALTECH	Caltech	ASD	autism	R	96.0	99.0	93.0	14.0	n/a	n/a	n/a
sub-0051466	1	27.6	M	CALTECH	Caltech	ASD	autism	Ambi	106.0	111.0	99.0	17.0	n/a	n/a	n/a
sub-0051467	1	23.4	M	CALTECH	Caltech	ASD	autism	R	93.0	89.0	99.0	10.0	n/a	n/a	n/a
sub-0051468	1	20.1	M	CALTECH	Caltech	ASD	autism	R	100.0	89.0	109.0	10.0	n/a	n/a	n/a
sub-0051469	1	45.1	M	CALTECH	Caltech	ASD	asperger or PDD-NOS	R	104.0	109.0	96.0	9.0	n/a	n/a	n/a
sub-0051470	1	29.1	M	CALTECH	Caltech	ASD	asperger or PDD-NOS	R	124.0	127.0	115.0	8.0	n/a	n/a	n/a
sub-0051471	1	22.4	F	CALTECH	Caltech	ASD	asperger or PDD-NOS	R	125.0	123.0	119.0	7.0	n/a	n/a	n/a
sub-0051472	1	17.5	M	CALTECH	Caltech	ASD	autism	Ambi	125.0	123.0	119.0	14.0	n/a	n/a	n/a
sub-0051473	1	21.2	M	CALTECH	Caltech	ASD	autism	R	n/a	n/a	n/a	20.0	n/a	n/a	n/a
sub-0051474	1	20.9	M	CALTECH	Caltech	ASD	autism	R	100.0	90.0	109.0	16.0	n/a	n/a	n/a
sub-0051475	1	44.2	M	CALTECH	Caltech	TDC	control	R	104.0	113.0	94.0	n/a	n/a	n/a	n/a
sub-0051476	1	39.3	M	CALTECH	Caltech	TDC	control	R	123.0	127.0	112.0	n/a	n/a	n/a	n/a
sub-0051477	1	42.5	M	CALTECH	Caltech	TDC	control	R	97.0	85.0	109.0	n/a	n/a	n/a	n/a
sub-0051478	1	19.7	M	CALTECH	Caltech	TDC	control	R	116.0	117.0	116.0	n/a	n/a	n/a	n/a
sub-0051479	1	20.0	F	CALTECH	Caltech	TDC	control	R	111.0	110.0	109.0	n/a	n/a	n/a	n/a
sub-0051480	1	20.8	F	CALTECH	Caltech	TDC	control	R	112.0	109.0	110.0	n/a	n/a	n/a	n/a
sub-0051481	1	27.9	M	CALTECH	Caltech	TDC	control	R	117.0	133.0	99.0	n/a	n/a	n/a	n/a
sub-0051482	1	21.1	F	CALTECH	Caltech	TDC	control	R	103.0	108.0	96.0	n/a	n/a	n/a	n/a
sub-0051483	1	20.9	M	CALTECH	Caltech	TDC	control	Ambi	124.0	127.0	115.0	n/a	n/a	n/a	n/a
sub-0051484	1	23.6	M	CALTECH	Caltech	TDC	control	R	128.0	135.0	115.0	n/a	n/a	n/a	n/a
sub-0051485	1	23.9	M	CALTECH	Caltech	TDC	control	R	123.0	113.0	127.0	n/a	n/a	n/a	n/a
sub-0051486	1	22.0	M	CALTECH	Caltech	TDC	control	Ambi	134.0	131.0	129.0	n/a	n/a	n/a	n/a
sub-0051487	1	17.0	M	CALTECH	Caltech	TDC	control	R	113.0	106.0	119.0	n/a	n/a	n/a	n/a
sub-0051488	1	23.3	M	CALTECH	Caltech	TDC	control	L	107.0	106.0	106.0	n/a	n/a	n/a	n/a
sub-0051489	1	34.1	M	CALTECH	Caltech	TDC	control	R	111.0	118.0	102.0	n/a	n/a	n/a	n/a
sub-0051490	1	44.1	M	CALTECH	Caltech	TDC	control	R	108.0	107.0	108.0	n/a	n/a	n/a	n/a
sub-0051491	1	56.2	M	CALTECH	Caltech	TDC	control	R	120.0	109.0	128.0	n/a	n/a	n/a	n/a
sub-0051492	1	18.7	M	CALTECH	Caltech	TDC	control	Ambi	117.0	119.0	110.0	n/a	n/a	n/a	n/a
sub-0051493	1	29.2	F	CALTECH	Caltech	TDC	control	R	102.0	101.0	103.0	n/a	n/a	n/a	n/a
sub-0051556	1	20.0	M	SBL	SBL	TDC	control	n/a	n/a	n/a	n/a	n/a	n/a	n/a	False
sub-0051557	1	26.0	M	SBL	SBL	TDC	control	n/a	n/a	n/a	n/a	n/a	n/a	n/a	False
sub-0051558	1	27.0	M	SBL	SBL	TDC	control	n/a	n/a	n/a	n/a	n/a	n/a	n/a	False
sub-0051559	1	27.0	M	SBL	SBL	TDC	control	n/a	n/a	n/a	n/a	n/a	n/a	n/a	False
sub-0051560	1	27.0	M	SBL	SBL	TDC	control	n/a	n/a	n/a	n/a	n/a	n/a	n/a	False
sub-0051561	1	36.0	M	SBL	SBL	TDC	control	n/a	n/a	n/a	n/a	n/a	n/a	n/a	False
sub-0051562	1	37.0	M	SBL	SBL	TDC	control	n/a	n/a	n/a	n/a	n/a	n/a	n/a	False
sub-0051563	1	38.0	M	SBL	SBL	TDC	control	n/a	n/a	n/a	n/a	n/a	n/a	n/a	False
sub-0051564	1	39.0	M	SBL	SBL	TDC	control	n/a	n/a	n/a	n/a	n/a	n/a	n/a	False
sub-0051565	1	39.0	M	SBL	SBL	TDC	control	n/a	n/a	n/a	n/a	n/a	n/a	n/a	False
sub-0051566	1	41.0	M	SBL	SBL	TDC	control	n/a	n/a	n/a	n/a	n/a	n/a	n/a	False
sub-0051567	1	34.0	M	SBL	SBL	TDC	control	n/a	n/a	n/a	n/a	n/a	n/a	n/a	False
sub-0051568	1	37.0	M	SBL	SBL	TDC	control	n/a	n/a	n/a	n/a	n/a	n/a	n/a	False
sub-0051569	1	36.0	M	SBL	SBL	TDC	control	n/a	n/a	n/a	n/a	n/a	n/a	n/a	False
sub-0051570	1	42.0	M	SBL	SBL	TDC	control	n/a	n/a	n/a	n/a	n/a	n/a	n/a	False
sub-0051571	1	22.0	M	SBL	SBL	ASD	autism	n/a	n/a	101.0	110.0	8.0	n/a	n/a	True
sub-0051572	1	28.0	M	SBL	SBL	ASD	asperger	n/a	n/a	93.0	110.0	7.0	n/a	n/a	False
sub-0051573	1	30.0	M	SBL	SBL	ASD	PDD-NOS	L	n/a	108.0	120.0	8.0	n/a	n/a	False
sub-0051574	1	30.0	M	SBL	SBL	ASD	asperger	n/a	n/a	105.0	121.0	11.0	n/a	n/a	False
sub-0051575	1	31.0	M	SBL	SBL	ASD	asperger	n/a	n/a	100.0	113.0	10.0	n/a	n/a	False
sub-0051576	1	31.0	M	SBL	SBL	ASD	PDD-NOS	n/a	n/a	n/a	n/a	n/a	n/a	n/a	False
sub-0051577	1	31.0	M	SBL	SBL	ASD	PDD-NOS	n/a	n/a	n/a	n/a	n/a	n/a	n/a	True
sub-0051578	1	33.0	M	SBL	SBL	ASD	asperger	n/a	125.0	129.0	113.0	n/a	n/a	n/a	False
sub-0051579	1	41.0	M	SBL	SBL	ASD	PDD-NOS	n/a	110.0	n/a	n/a	n/a	n/a	n/a	False
sub-0051580	1	42.0	M	SBL	SBL	ASD	PDD-NOS	n/a	n/a	117.0	121.0	9.0	n/a	n/a	False
sub-0051581	1	64.0	M	SBL	SBL	ASD	PDD-NOS	n/a	120.0	119.0	116.0	n/a	n/a	n/a	False
sub-0051582	1	31.0	M	SBL	SBL	ASD	asperger	n/a	n/a	116.0	121.0	9.0	n/a	n/a	False
sub-0051583	1	35.0	M	SBL	SBL	ASD	asperger	n/a	95.0	105.0	84.0	n/a	n/a	n/a	False
sub-0051584	1	49.0	M	SBL	SBL	ASD	asperger	n/a	n/a	133.0	135.0	12.0	n/a	n/a	False
sub-0051585	1	27.0	M	SBL	SBL	ASD	autism	n/a	96.0	99.0	106.0	n/a	n/a	n/a	False
sub-0051606	1	29.0	F	MAX_MUN	MaxMun_a	ASD	asperger	R	118.0	n/a	n/a	n/a	n/a	n/a	False
sub-0051607	1	26.0	M	MAX_MUN	MaxMun_a	ASD	asperger	R	110.0	n/a	n/a	n/a	n/a	n/a	False
