participant_id	split	official_split	rank	complete
BraTS2021_00000	train	train	389	True
BraTS2021_00001	test	val	264	False
BraTS2021_00002	val	train	152	True
BraTS2021_00003	train	train	401	True
BraTS2021_00005	val	train	219	True
BraTS2021_00006	test	train	108	True
BraTS2021_00008	test	train	171	True
BraTS2021_00009	train	train	411	True
BraTS2021_00011	train	train	276	True
BraTS2021_00012	train	train	853	True
BraTS2021_00013	test	val	116	False
BraTS2021_00014	test	train	224	True
BraTS2021_00015	train	val	720	False
BraTS2021_00016	train	train	626	True
BraTS2021_00017	train	train	212	True
BraTS2021_00018	val	train	88	True
BraTS2021_00019	val	train	129	True
BraTS2021_00020	train	train	808	True
BraTS2021_00021	train	train	606	True
BraTS2021_00022	val	train	3	True
BraTS2021_00024	test	train	158	True
BraTS2021_00025	train	train	457	True
BraTS2021_00026	train	train	318	True
BraTS2021_00027	test	val	62	False
BraTS2021_00028	val	train	205	True
BraTS2021_00030	train	train	353	True
BraTS2021_00031	val	train	233	True
BraTS2021_00032	test	train	126	True
BraTS2021_00033	train	train	247	True
BraTS2021_00035	train	train	367	True
BraTS2021_00036	train	train	862	True
BraTS2021_00037	val	val	53	False
BraTS2021_00043	train	train	482	True
BraTS2021_00044	train	train	711	True
BraTS2021_00045	train	train	768	True
BraTS2021_00046	train	train	195	True
BraTS2021_00047	train	val	172	False
BraTS2021_00048	train	train	173	True
BraTS2021_00049	train	train	793	True
BraTS2021_00051	train	train	210	True
BraTS2021_00052	val	train	24	True
BraTS2021_00053	train	train	454	True
BraTS2021_00054	val	train	252	True
BraTS2021_00056	test	train	42	True
BraTS2021_00058	val	train	185	True
BraTS2021_00059	val	train	247	True
BraTS2021_00060	test	train	157	True
BraTS2021_00061	train	train	752	True
BraTS2021_00062	train	train	718	True
BraTS2021_00063	train	train	795	True
BraTS2021_00064	train	train	505	True
BraTS2021_00066	val	train	200	True
BraTS2021_00068	train	train	271	True
BraTS2021_00070	test	train	248	True
BraTS2021_00071	val	train	5	True
BraTS2021_00072	val	train	177	True
BraTS2021_00074	train	train	99	True
BraTS2021_00077	train	train	185	True
BraTS2021_00078	train	train	856	True
BraTS2021_00079	train	val	593	False
BraTS2021_00080	train	val	445	False
BraTS2021_00081	train	train	370	True
BraTS2021_00082	train	val	423	False
BraTS2021_00084	train	train	742	True
BraTS2021_00085	val	train	133	True
BraTS2021_00087	train	train	643	True
BraTS2021_00088	test	train	211	True
BraTS2021_00089	train	train	713	True
BraTS2021_00090	train	train	464	True
BraTS2021_00091	train	val	251	False
BraTS2021_00094	train	train	775	True
BraTS2021_00095	train	train	762	True
BraTS2021_00096	val	train	76	True
BraTS2021_00097	train	train	657	True
BraTS2021_00098	train	train	870	True
BraTS2021_00099	val	train	82	True
BraTS2021_00100	val	train	109	True
BraTS2021_00101	test	train	255	True
BraTS2021_00102	train	train	25	True
BraTS2021_00103	train	train	112	True
BraTS2021_00104	train	train	479	True
BraTS2021_00105	train	train	628	True
BraTS2021_00106	train	train	832	True
BraTS2021_00107	train	train	400	True
BraTS2021_00108	val	train	220	True
BraTS2021_00109	train	train	43	True
BraTS2021_00110	train	train	140	True
BraTS2021_00111	train	train	694	True
BraTS2021_00112	val	train	161	True
BraTS2021_00113	train	train	39	True
BraTS2021_00114	val	val	83	False
BraTS2021_00115	train	train	577	True
BraTS2021_00116	train	train	160	True
BraTS2021_00117	train	train	356	True
BraTS2021_00118	train	train	740	True
BraTS2021_00119	val	val	130	False
BraTS2021_00120	train	train	424	True
BraTS2021_00121	train	train	562	True
BraTS2021_00122	train	train	778	True
BraTS2021_00123	train	train	857	True
BraTS2021_00124	val	train	26	True
BraTS2021_00125	train	val	708	False
BraTS2021_00126	train	train	117	True
BraTS2021_00127	train	train	179	True
BraTS2021_00128	train	train	290	True
BraTS2021_00129	train	val	691	False
BraTS2021_00130	test	train	205	True
BraTS2021_00131	test	train	266	True
BraTS2021_00132	train	train	673	True
BraTS2021_00133	test	train	122	True
BraTS2021_00134	val	train	10	True
BraTS2021_00135	val	val	142	False
BraTS2021_00136	test	train	47	True
BraTS2021_00137	train	train	244	True
BraTS2021_00138	train	train	148	True
BraTS2021_00139	val	train	210	True
BraTS2021_00140	train	train	751	True
BraTS2021_00141	train	val	108	False
BraTS2021_00142	test	train	226	True
BraTS2021_00143	train	train	623	True
BraTS2021_00144	train	train	695	True
BraTS2021_00145	val	val	248	False
BraTS2021_00146	val	train	157	True
BraTS2021_00147	val	train	61	True
BraTS2021_00148	train	train	721	True
BraTS2021_00149	val	train	151	True
BraTS2021_00150	train	train	826	True
BraTS2021_00151	train	train	302	True
BraTS2021_00152	train	train	29	True
BraTS2021_00153	val	val	41	False
BraTS2021_00154	train	train	543	True
BraTS2021_00155	test	train	120	True
BraTS2021_00156	val	train	52	True
BraTS2021_00157	train	train	700	True
BraTS2021_00158	train	train	432	True
BraTS2021_00159	test	train	254	True
BraTS2021_00160	test	train	90	True
BraTS2021_00161	train	val	564	False
BraTS2021_00162	test	train	163	True
BraTS2021_00163	train	val	822	False
BraTS2021_00165	train	train	443	True
BraTS2021_00166	train	train	542	True
BraTS2021_00167	train	train	641	True
BraTS2021_00169	train	n/a	141	False
BraTS2021_00170	train	train	344	True
BraTS2021_00171	train	train	638	True
BraTS2021_00172	val	train	114	True
BraTS2021_00174	val	val	277	False
BraTS2021_00176	train	train	374	True
BraTS2021_00177	test	train	239	True
BraTS2021_00178	train	train	38	True
BraTS2021_00181	train	val	325	False
BraTS2021_00182	train	val	111	False
BraTS2021_00183	train	train	406	True
BraTS2021_00184	train	train	610	True
BraTS2021_00185	train	train	19	True
BraTS2021_00186	train	train	670	True
BraTS2021_00187	test	train	177	True
BraTS2021_00188	val	train	99	True
BraTS2021_00190	train	val	384	False
BraTS2021_00191	train	train	114	True
BraTS2021_00192	val	train	145	True
BraTS2021_00193	train	train	448	True
BraTS2021_00194	train	train	872	True
BraTS2021_00195	train	train	805	True
BraTS2021_00196	train	train	824	True
BraTS2021_00197	train	n/a	308	False
BraTS2021_00199	test	train	235	True
BraTS2021_00200	val	val	217	False
BraTS2021_00201	val	train	203	True
BraTS2021_00203	train	train	33	True
BraTS2021_00204	train	train	228	True
BraTS2021_00206	train	train	322	True
BraTS2021_00207	train	train	634	True
BraTS2021_00208	train	val	651	False
BraTS2021_00209	test	train	2	True
BraTS2021_00210	train	train	152	True
BraTS2021_00211	train	train	102	True
BraTS2021_00212	test	train	282	True
BraTS2021_00213	test	val	25	False
BraTS2021_00214	train	train	235	True
BraTS2021_00216	train	train	56	True
BraTS2021_00217	train	train	83	True
BraTS2021_00218	train	train	830	True
BraTS2021_00219	train	train	222	True
BraTS2021_00220	train	train	461	True
BraTS2021_00221	train	train	840	True
BraTS2021_00222	train	train	581	True
BraTS2021_00227	test	train	200	True
BraTS2021_00228	train	train	286	True
BraTS2021_00229	val	val	112	False
BraTS2021_00230	test	train	75	True
BraTS2021_00231	train	train	93	True
BraTS2021_00233	val	train	1	True
BraTS2021_00234	test	train	51	True
BraTS2021_00235	test	train	31	True
BraTS2021_00236	train	train	332	True
BraTS2021_00237	val	train	125	True
BraTS2021_00238	train	train	164	True
BraTS2021_00239	val	train	104	True
BraTS2021_00240	train	train	662	True
BraTS2021_00241	train	train	397	True
BraTS2021_00242	test	train	69	True
BraTS2021_00243	test	train	193	True
BraTS2021_00245	test	n/a	223	False
BraTS2021_00246	test	train	137	True
BraTS2021_00247	val	train	9	True
BraTS2021_00249	train	train	574	True
BraTS2021_00250	train	train	381	True
BraTS2021_00251	train	train	522	True
BraTS2021_00252	train	val	659	False
BraTS2021_00253	train	train	447	True
BraTS2021_00254	train	train	257	True
BraTS2021_00256	train	val	843	False
BraTS2021_00258	train	train	773	True
BraTS2021_00259	test	train	174	True
BraTS2021_00260	val	train	285	True
BraTS2021_00261	train	train	704	True
BraTS2021_00262	train	train	537	True
BraTS2021_00263	test	train	272	True
BraTS2021_00264	test	val	54	False
BraTS2021_00266	train	train	306	True
BraTS2021_00267	train	train	390	True
BraTS2021_00269	train	train	379	True
BraTS2021_00270	train	train	5	True
BraTS2021_00271	val	train	44	True
BraTS2021_00273	train	train	285	True
BraTS2021_00274	val	train	282	True
BraTS2021_00275	train	train	328	True
BraTS2021_00280	train	train	558	True
BraTS2021_00281	train	train	690	True
BraTS2021_00282	train	train	395	True
BraTS2021_00283	train	train	428	True
BraTS2021_00284	train	train	413	True
BraTS2021_00285	train	train	551	True
BraTS2021_00286	val	train	93	True
BraTS2021_00287	test	val	83	False
BraTS2021_00288	val	train	30	True
BraTS2021_00289	test	train	11	True
BraTS2021_00290	val	train	73	True
BraTS2021_00291	train	train	767	True
BraTS2021_00292	test	train	215	True
BraTS2021_00293	test	train	143	True
BraTS2021_00294	test	train	104	True
BraTS2021_00296	train	train	385	True
BraTS2021_00297	train	train	495	True
BraTS2021_00298	val	train	235	True
BraTS2021_00299	train	train	86	True
BraTS2021_00300	train	train	491	True
BraTS2021_00301	test	train	101	True
BraTS2021_00303	train	train	429	True
BraTS2021_00304	train	train	338	True
BraTS2021_00305	test	train	162	True
BraTS2021_00306	train	train	780	True
BraTS2021_00307	train	val	166	False
BraTS2021_00308	train	n/a	415	False
BraTS2021_00309	train	train	118	True
BraTS2021_00310	test	train	154	True
BraTS2021_00311	train	train	828	True
BraTS2021_00312	val	train	213	True
BraTS2021_00313	test	train	124	True
BraTS2021_00314	train	train	218	True
BraTS2021_00316	test	train	232	True
BraTS2021_00317	val	train	105	True
BraTS2021_00318	val	train	14	True
BraTS2021_00320	val	train	35	True
BraTS2021_00321	train	train	699	True
BraTS2021_00322	train	train	709	True
BraTS2021_00323	train	val	506	False
BraTS2021_00324	train	train	726	True
BraTS2021_00325	val	train	256	True
BraTS2021_00327	train	train	176	True
BraTS2021_00328	test	train	61	True
BraTS2021_00329	train	train	499	True
BraTS2021_00331	val	train	38	True
BraTS2021_00332	train	train	28	True
BraTS2021_00333	train	val	568	False
BraTS2021_00334	val	train	176	True
BraTS2021_00335	train	val	630	False
BraTS2021_00336	train	train	386	True
BraTS2021_00337	train	val	23	False
BraTS2021_00338	val	train	281	True
BraTS2021_00339	train	train	339	True
BraTS2021_00340	val	train	223	True
BraTS2021_00341	train	train	3	True
BraTS2021_00343	train	train	579	True
BraTS2021_00344	test	train	18	True
BraTS2021_00346	train	train	197	True
BraTS2021_00347	train	train	820	True
BraTS2021_00348	val	train	140	True
BraTS2021_00349	train	train	867	True
BraTS2021_00350	train	train	62	True
BraTS2021_00351	train	train	846	True
BraTS2021_00352	train	train	219	True
BraTS2021_00353	test	train	39	True
BraTS2021_00355	train	val	194	False
BraTS2021_00356	train	train	107	True
BraTS2021_00359	train	train	252	True
BraTS2021_00360	train	train	214	True
BraTS2021_00364	test	train	9	True
BraTS2021_00366	train	train	728	True
BraTS2021_00367	train	train	814	True
BraTS2021_00369	train	train	120	True
BraTS2021_00370	train	train	652	True
BraTS2021_00371	test	train	210	True
BraTS2021_00372	val	val	259	False
BraTS2021_00373	train	train	87	True
BraTS2021_00375	test	train	260	True
BraTS2021_00376	test	train	64	True
BraTS2021_00377	train	train	531	True
BraTS2021_00378	train	train	746	True
BraTS2021_00379	train	train	313	True
BraTS2021_00380	test	train	96	True
BraTS2021_00381	train	val	737	False
BraTS2021_00382	train	train	647	True
BraTS2021_00383	train	train	442	True
BraTS2021_00384	test	val	34	False
BraTS2021_00386	test	train	27	True
BraTS2021_00387	test	train	252	True
BraTS2021_00388	train	train	150	True
BraTS2021_00389	test	train	221	True
BraTS2021_00390	train	train	789	True
BraTS2021_00391	train	train	8	True
BraTS2021_00392	test	train	48	True
BraTS2021_00393	train	n/a	598	False
BraTS2021_00395	val	train	40	True
BraTS2021_00397	test	train	43	True
BraTS2021_00399	test	train	118	True
BraTS2021_00400	train	train	547	True
BraTS2021_00401	train	train	266	True
BraTS2021_00402	val	train	166	True
BraTS2021_00403	val	train	119	True
BraTS2021_00404	train	train	189	True
BraTS2021_00405	train	train	181	True
BraTS2021_00406	train	train	585	True
BraTS2021_00407	train	train	274	True
BraTS2021_00408	train	n/a	365	False
BraTS2021_00409	train	train	24	True
BraTS2021_00410	val	train	19	True
BraTS2021_00412	train	train	884	True
BraTS2021_00413	train	train	300	True
BraTS2021_00414	train	train	620	True
BraTS2021_00416	val	train	123	True
BraTS2021_00417	val	train	209	True
BraTS2021_00418	test	train	246	True
BraTS2021_00419	train	train	637	True
BraTS2021_00421	train	train	678	True
BraTS2021_00422	val	val	12	False
BraTS2021_00423	test	train	53	True
BraTS2021_00425	val	train	58	True
BraTS2021_00426	val	train	128	True
BraTS2021_00428	val	val	189	False
BraTS2021_00429	val	train	167	True
BraTS2021_00430	val	train	108	True
BraTS2021_00431	train	train	233	True
BraTS2021_00432	train	train	526	True
BraTS2021_00433	test	train	269	True
BraTS2021_00434	train	val	873	False
BraTS2021_00436	train	train	309	True
BraTS2021_00438	train	val	509	False
BraTS2021_00440	train	train	566	True
BraTS2021_00441	test	train	294	True
BraTS2021_00442	train	train	453	True
BraTS2021_00443	train	train	561	True
BraTS2021_00444	train	train	97	True
BraTS2021_00445	val	train	293	True
BraTS2021_00446	test	train	17	True
BraTS2021_00447	train	val	480	False
BraTS2021_00448	test	train	37	True
BraTS2021_00449	train	train	875	True
BraTS2021_00450	test	val	142	False
BraTS2021_00451	train	train	243	True
BraTS2021_00452	val	train	272	True
BraTS2021_00453	test	train	166	True
BraTS2021_00454	train	train	595	True
BraTS2021_00455	train	train	512	True
BraTS2021_00456	train	train	771	True
BraTS2021_00457	train	train	466	True
BraTS2021_00458	train	val	263	False
BraTS2021_00459	val	train	57	True
BraTS2021_00460	train	val	17	False
BraTS2021_00462	test	val	250	False
BraTS2021_00463	train	val	782	False
BraTS2021_00464	train	train	852	True
BraTS2021_00466	train	train	490	True
BraTS2021_00467	val	val	159	False
BraTS2021_00468	train	train	104	True
BraTS2021_00469	train	train	601	True
BraTS2021_00470	train	train	351	True
BraTS2021_00472	train	train	837	True
BraTS2021_00474	train	val	851	False
BraTS2021_00477	val	train	245	True
BraTS2021_00478	val	train	227	True
BraTS2021_00479	val	train	72	True
BraTS2021_00480	train	train	470	True
BraTS2021_00481	train	train	291	True
BraTS2021_00483	test	train	80	True
BraTS2021_00485	train	train	82	True
BraTS2021_00488	train	train	880	True
BraTS2021_00489	train	val	812	False
BraTS2021_00491	train	train	724	True
BraTS2021_00492	val	val	100	False
BraTS2021_00493	train	train	747	True
BraTS2021_00494	train	train	1	True
BraTS2021_00495	train	train	70	True
BraTS2021_00496	val	train	192	True
BraTS2021_00498	train	train	421	True
BraTS2021_00499	train	train	533	True
BraTS2021_00500	test	train	22	True
BraTS2021_00501	train	train	91	True
BraTS2021_00502	val	train	81	True
BraTS2021_00503	val	val	201	False
BraTS2021_00504	train	train	510	True
BraTS2021_00505	train	train	614	True
BraTS2021_00506	train	train	760	True
BraTS2021_00507	train	train	155	True
BraTS2021_00510	test	train	148	True
BraTS2021_00511	test	train	258	True
BraTS2021_00512	train	train	758	True
BraTS2021_00513	train	train	177	True
BraTS2021_00514	train	train	468	True
BraTS2021_00516	val	train	214	True
BraTS2021_00517	val	train	262	True
BraTS2021_00518	train	train	171	True
BraTS2021_00519	train	train	584	True
BraTS2021_00520	train	train	143	True
BraTS2021_00521	val	val	23	False
BraTS2021_00523	test	train	56	True
BraTS2021_00524	val	train	116	True
BraTS2021_00525	test	train	219	True
BraTS2021_00526	val	train	266	True
BraTS2021_00528	val	train	243	True
BraTS2021_00529	train	train	132	True
BraTS2021_00530	train	train	437	True
BraTS2021_00532	val	train	195	True
BraTS2021_00533	train	train	297	True
BraTS2021_00535	val	val	288	False
BraTS2021_00537	train	train	304	True
BraTS2021_00538	train	train	664	True
BraTS2021_00539	train	train	156	True
BraTS2021_00540	train	train	145	True
BraTS2021_00542	test	train	71	True
BraTS2021_00543	test	train	244	True
BraTS2021_00544	train	train	138	True
BraTS2021_00545	val	train	97	True
BraTS2021_00547	val	train	187	True
BraTS2021_00548	train	train	475	True
BraTS2021_00549	test	train	153	True
BraTS2021_00550	test	train	291	True
BraTS2021_00551	train	train	861	True
BraTS2021_00552	train	train	785	True
BraTS2021_00553	train	val	477	False
BraTS2021_00554	test	train	133	True
BraTS2021_00555	val	train	46	True
BraTS2021_00556	val	train	270	True
BraTS2021_00558	test	train	196	True
BraTS2021_00559	val	train	180	True
BraTS2021_00560	val	val	230	False
BraTS2021_00561	train	train	205	True
BraTS2021_00563	test	train	185	True
BraTS2021_00564	train	n/a	879	False
BraTS2021_00565	train	train	688	True
BraTS2021_00567	test	train	279	True
BraTS2021_00568	val	train	250	True
BraTS2021_00569	val	train	173	True
BraTS2021_00570	train	train	686	True
BraTS2021_00571	val	train	276	True
BraTS2021_00572	train	train	653	True
BraTS2021_00573	train	val	354	False
BraTS2021_00574	test	train	91	True
BraTS2021_00575	test	train	168	True
BraTS2021_00576	train	train	865	True
BraTS2021_00577	train	train	405	True
BraTS2021_00578	val	train	287	True
BraTS2021_00579	train	train	494	True
BraTS2021_00580	train	train	50	True
BraTS2021_00581	train	train	270	True
BraTS2021_00582	train	train	376	True
BraTS2021_00583	val	train	95	True
BraTS2021_00584	val	train	29	True
BraTS2021_00585	val	val	170	False
BraTS2021_00586	val	train	143	True
BraTS2021_00587	train	train	735	True
BraTS2021_00588	val	train	229	True
BraTS2021_00589	test	train	289	True
BraTS2021_00590	train	train	605	True
BraTS2021_00591	train	train	809	True
BraTS2021_00592	train	val	232	False
BraTS2021_00593	train	train	576	True
BraTS2021_00594	val	train	257	True
BraTS2021_00595	train	val	279	False
BraTS2021_00596	train	train	500	True
BraTS2021_00597	test	train	263	True
BraTS2021_00598	train	train	572	True
BraTS2021_00599	train	train	342	True
BraTS2021_00601	val	train	50	True
BraTS2021_00602	train	train	675	True
BraTS2021_00603	train	val	293	False
BraTS2021_00604	val	train	34	True
BraTS2021_00605	train	train	684	True
BraTS2021_00606	train	train	261	True
BraTS2021_00607	train	train	162	True
BraTS2021_00608	train	train	267	True
BraTS2021_00610	train	train	14	True
BraTS2021_00611	val	train	62	True
BraTS2021_00612	test	train	229	True
BraTS2021_00613	train	train	738	True
BraTS2021_00615	train	train	804	True
BraTS2021_00616	test	train	141	True
BraTS2021_00618	train	train	10	True
BraTS2021_00619	train	train	30	True
BraTS2021_00620	train	train	13	True
BraTS2021_00621	train	train	842	True
BraTS2021_00622	train	train	646	True
BraTS2021_00623	test	train	216	True
BraTS2021_00624	train	train	877	True
BraTS2021_00625	train	train	528	True
BraTS2021_00626	val	train	20	True
BraTS2021_00628	train	train	680	True
BraTS2021_00630	val	train	182	True
BraTS2021_00631	val	train	237	True
BraTS2021_00636	test	train	74	True
BraTS2021_00638	train	train	67	True
BraTS2021_00639	train	train	180	True
BraTS2021_00640	train	train	71	True
BraTS2021_00641	train	train	45	True
BraTS2021_00642	train	train	239	True
BraTS2021_00644	test	val	88	False
BraTS2021_00645	val	train	198	True
BraTS2021_00646	train	train	314	True
BraTS2021_00647	train	val	48	False
BraTS2021_00649	train	train	66	True
BraTS2021_00650	train	train	524	True
BraTS2021_00651	test	train	59	True
BraTS2021_00652	train	train	333	True
BraTS2021_00654	train	train	281	True
BraTS2021_00655	train	train	599	True
BraTS2021_00656	train	train	372	True
BraTS2021_00657	val	train	120	True
BraTS2021_00658	train	train	799	True
BraTS2021_00659	val	train	291	True
BraTS2021_00661	test	train	113	True
BraTS2021_00662	test	val	233	False
BraTS2021_00663	val	train	225	True
BraTS2021_00667	train	train	548	True
BraTS2021_00668	test	train	78	True
BraTS2021_00671	test	val	278	False
BraTS2021_00674	val	train	163	True
BraTS2021_00675	test	train	186	True
BraTS2021_00676	test	train	14	True
BraTS2021_00677	test	train	268	True
BraTS2021_00679	val	train	67	True
BraTS2021_00680	train	train	594	True
BraTS2021_00681	test	val	197	False
BraTS2021_00682	train	train	798	True
BraTS2021_00683	train	train	259	True
BraTS2021_00684	train	train	349	True
BraTS2021_00685	test	train	237	True
BraTS2021_00686	train	train	474	True
BraTS2021_00687	val	train	267	True
BraTS2021_00688	train	train	553	True
BraTS2021_00689	train	train	733	True
BraTS2021_00690	test	train	66	True
BraTS2021_00691	train	train	128	True
BraTS2021_00692	train	train	409	True
BraTS2021_00693	train	train	295	True
BraTS2021_00694	train	train	556	True
BraTS2021_00697	val	train	91	True
BraTS2021_00698	train	train	743	True
BraTS2021_00699	test	val	169	False
BraTS2021_00702	train	val	52	False
BraTS2021_00703	train	train	364	True
BraTS2021_00704	train	train	618	True
BraTS2021_00705	train	train	95	True
BraTS2021_00706	train	train	715	True
BraTS2021_00707	train	train	200	True
BraTS2021_00708	train	train	58	True
BraTS2021_00709	train	train	18	True
BraTS2021_00712	train	val	679	False
BraTS2021_00714	train	train	115	True
BraTS2021_00715	train	train	818	True
BraTS2021_00716	val	train	86	True
BraTS2021_00718	val	train	190	True
BraTS2021_00719	train	val	223	False
BraTS2021_00721	val	val	70	False
BraTS2021_00723	test	train	33	True
BraTS2021_00724	train	train	61	True
BraTS2021_00725	test	train	181	True
BraTS2021_00727	train	train	255	True
BraTS2021_00728	val	train	77	True
BraTS2021_00729	train	train	484	True
BraTS2021_00730	train	train	123	True
BraTS2021_00731	train	train	633	True
BraTS2021_00732	train	train	329	True
BraTS2021_00733	train	train	417	True
BraTS2021_00734	train	train	459	True
BraTS2021_00735	train	train	208	True
BraTS2021_00736	test	train	201	True
BraTS2021_00737	test	train	214	True
BraTS2021_00739	test	train	296	True
BraTS2021_00740	test	train	206	True
BraTS2021_00742	train	train	588	True
BraTS2021_00744	test	train	257	True
BraTS2021_00746	train	train	436	True
BraTS2021_00747	test	train	179	True
BraTS2021_00749	train	val	794	False
BraTS2021_00750	test	train	99	True
BraTS2021_00751	train	train	783	True
BraTS2021_00753	train	train	76	True
BraTS2021_00756	train	train	668	True
BraTS2021_00757	train	train	539	True
BraTS2021_00759	val	train	135	True
BraTS2021_00760	test	train	277	True
BraTS2021_00762	train	val	79	False
BraTS2021_00764	test	train	261	True
BraTS2021_00765	train	train	124	True
BraTS2021_00767	test	train	132	True
BraTS2021_00768	train	train	848	True
BraTS2021_00769	train	val	80	False
BraTS2021_00772	train	train	514	True
BraTS2021_00773	train	train	362	True
BraTS2021_00774	test	train	28	True
BraTS2021_00775	train	train	224	True
BraTS2021_00777	train	train	53	True
BraTS2021_00778	train	train	227	True
BraTS2021_00779	train	val	765	False
BraTS2021_00780	test	train	85	True
BraTS2021_00781	test	train	86	True
BraTS2021_00782	train	train	167	True
BraTS2021_00784	train	train	518	True
BraTS2021_00787	val	train	48	True
BraTS2021_00788	test	train	106	True
BraTS2021_00789	train	train	347	True
BraTS2021_00791	train	train	756	True
BraTS2021_00792	val	train	66	True
BraTS2021_00793	train	train	790	True
BraTS2021_00794	train	n/a	394	False
BraTS2021_00795	train	train	590	True
BraTS2021_00796	train	train	836	True
BraTS2021_00797	test	train	242	True
BraTS2021_00799	train	train	203	True
BraTS2021_00800	train	train	616	True
BraTS2021_00801	train	train	237	True
BraTS2021_00802	train	train	632	True
BraTS2021_00803	train	train	129	True
BraTS2021_00804	val	train	261	True
BraTS2021_00805	test	train	189	True
BraTS2021_00806	test	train	110	True
BraTS2021_00807	train	train	703	True
BraTS2021_00808	test	train	147	True
BraTS2021_00809	train	train	191	True
BraTS2021_00810	train	train	317	True
BraTS2021_00811	test	train	95	True
BraTS2021_00814	test	train	21	True
BraTS2021_00816	test	train	129	True
BraTS2021_00818	train	train	360	True
BraTS2021_00819	test	train	286	True
BraTS2021_00820	test	train	136	True
BraTS2021_00821	test	val	293	False
BraTS2021_00822	train	val	337	False
BraTS2021_00823	train	train	109	True
BraTS2021_00824	train	train	133	True
BraTS2021_00825	test	val	203	False
BraTS2021_00826	train	val	538	False
BraTS2021_00828	train	train	47	True
BraTS2021_00829	train	val	536	False
BraTS2021_00830	val	train	155	True
BraTS2021_00831	test	train	82	True
BraTS2021_00833	train	val	750	False
BraTS2021_00834	val	train	240	True
BraTS2021_00836	train	train	249	True
BraTS2021_00837	test	train	273	True
BraTS2021_00838	test	train	4	True
BraTS2021_00839	test	train	284	True
BraTS2021_00840	val	train	171	True
BraTS2021_00997	test	val	114	False
BraTS2021_00998	train	n/a	622	False
BraTS2021_00999	val	train	274	True
BraTS2021_01000	train	train	324	True
BraTS2021_01001	val	train	147	True
BraTS2021_01002	train	train	282	True
BraTS2021_01003	test	train	191	True
BraTS2021_01004	train	train	731	True
BraTS2021_01005	train	train	487	True
BraTS2021_01006	test	val	7	False
BraTS2021_01007	train	train	666	True
BraTS2021_01008	train	train	433	True
BraTS2021_01009	train	train	187	True
BraTS2021_01010	train	train	815	True
BraTS2021_01011	train	train	525	True
BraTS2021_01012	train	train	213	True
BraTS2021_01013	train	train	471	True
BraTS2021_01014	val	train	181	True
BraTS2021_01015	train	train	190	True
BraTS2021_01016	test	train	135	True
BraTS2021_01017	val	train	111	True
BraTS2021_01018	train	train	488	True
BraTS2021_01019	val	train	234	True
BraTS2021_01020	val	train	63	True
BraTS2021_01021	test	train	164	True
BraTS2021_01022	train	train	78	True
BraTS2021_01023	train	train	478	True
BraTS2021_01024	train	train	416	True
BraTS2021_01025	train	train	855	True
BraTS2021_01026	val	train	56	True
BraTS2021_01027	train	train	122	True
BraTS2021_01028	train	train	534	True
BraTS2021_01029	test	train	16	True
BraTS2021_01030	train	train	739	True
BraTS2021_01031	test	train	68	True
BraTS2021_01032	test	train	49	True
BraTS2021_01033	val	train	184	True
BraTS2021_01034	val	train	251	True
BraTS2021_01035	train	train	399	True
BraTS2021_01036	train	train	557	True
BraTS2021_01037	test	train	119	True
BraTS2021_01038	test	train	222	True
BraTS2021_01039	train	train	835	True
BraTS2021_01040	train	train	592	True
BraTS2021_01041	train	train	51	True
BraTS2021_01042	test	train	204	True
BraTS2021_01043	test	train	105	True
BraTS2021_01044	train	train	571	True
BraTS2021_01045	train	train	550	True
BraTS2021_01046	test	train	227	True
BraTS2021_01047	train	train	687	True
BraTS2021_01048	train	train	513	True
BraTS2021_01049	val	train	141	True
BraTS2021_01050	train	train	649	True
BraTS2021_01051	test	train	292	True
BraTS2021_01052	train	train	792	True
BraTS2021_01053	train	train	246	True
BraTS2021_01054	val	train	131	True
BraTS2021_01055	train	train	209	True
BraTS2021_01056	train	train	41	True
BraTS2021_01057	train	train	465	True
BraTS2021_01058	test	train	209	True
BraTS2021_01059	val	train	144	True
BraTS2021_01060	test	train	194	True
BraTS2021_01061	train	train	608	True
BraTS2021_01062	train	train	838	True
BraTS2021_01063	train	train	650	True
BraTS2021_01064	test	train	92	True
BraTS2021_01065	val	train	242	True
BraTS2021_01066	val	train	150	True
BraTS2021_01067	train	train	0	True
BraTS2021_01068	train	train	755	True
BraTS2021_01069	train	train	207	True
BraTS2021_01070	val	train	156	True
BraTS2021_01071	val	train	226	True
BraTS2021_01072	train	train	781	True
BraTS2021_01073	train	train	864	True
BraTS2021_01074	val	train	59	True
BraTS2021_01075	train	train	425	True
BraTS2021_01076	train	train	591	True
BraTS2021_01077	train	train	94	True
BraTS2021_01078	val	train	43	True
BraTS2021_01079	val	train	149	True
BraTS2021_01080	train	train	661	True
BraTS2021_01081	train	train	320	True
BraTS2021_01082	test	train	94	True
BraTS2021_01083	train	train	435	True
BraTS2021_01084	val	train	33	True
BraTS2021_01085	val	train	204	True
BraTS2021_01086	test	train	30	True
BraTS2021_01087	test	train	65	True
BraTS2021_01088	train	train	230	True
BraTS2021_01089	train	train	126	True
BraTS2021_01090	val	train	13	True
BraTS2021_01091	val	train	283	True
BraTS2021_01092	train	train	136	True
BraTS2021_01093	train	train	596	True
BraTS2021_01094	train	train	847	True
BraTS2021_01095	val	train	74	True
BraTS2021_01096	train	train	878	True
BraTS2021_01097	train	train	692	True
BraTS2021_01098	train	train	545	True
BraTS2021_01099	train	train	749	True
BraTS2021_01100	train	train	254	True
BraTS2021_01101	test	train	41	True
BraTS2021_01102	train	train	707	True
BraTS2021_01103	test	train	183	True
BraTS2021_01104	train	train	501	True
BraTS2021_01105	train	train	398	True
BraTS2021_01106	test	train	40	True
BraTS2021_01107	test	train	67	True
BraTS2021_01108	train	train	677	True
BraTS2021_01109	val	train	87	True
BraTS2021_01110	train	train	26	True
BraTS2021_01111	train	train	476	True
BraTS2021_01112	train	train	105	True
BraTS2021_01113	train	train	580	True
BraTS2021_01114	train	train	693	True
BraTS2021_01115	test	train	112	True
BraTS2021_01116	train	train	366	True
BraTS2021_01117	val	train	37	True
BraTS2021_01118	train	train	784	True
BraTS2021_01119	train	train	469	True
BraTS2021_01120	train	train	101	True
BraTS2021_01121	val	train	79	True
BraTS2021_01122	train	train	182	True
BraTS2021_01123	train	train	759	True
BraTS2021_01124	train	train	32	True
BraTS2021_01125	train	train	412	True
BraTS2021_01126	val	train	127	True
BraTS2021_01127	val	train	49	True
BraTS2021_01128	val	train	280	True
BraTS2021_01129	train	train	656	True
BraTS2021_01130	train	train	600	True
BraTS2021_01131	val	train	121	True
BraTS2021_01132	val	train	28	True
BraTS2021_01133	val	train	158	True
BraTS2021_01134	test	train	187	True
BraTS2021_01135	val	train	84	True
BraTS2021_01136	train	train	540	True
BraTS2021_01137	test	train	199	True
BraTS2021_01138	train	train	215	True
BraTS2021_01139	train	train	74	True
BraTS2021_01140	train	train	609	True
BraTS2021_01141	val	train	15	True
BraTS2021_01142	val	train	138	True
BraTS2021_01143	train	train	419	True
BraTS2021_01144	test	train	6	True
BraTS2021_01145	train	train	570	True
BraTS2021_01146	train	train	503	True
BraTS2021_01147	test	train	20	True
BraTS2021_01148	train	train	407	True
BraTS2021_01149	train	train	519	True
BraTS2021_01150	train	train	54	True
BraTS2021_01151	test	train	249	True
BraTS2021_01152	train	train	745	True
BraTS2021_01153	val	train	153	True
BraTS2021_01154	train	train	816	True
BraTS2021_01155	train	train	725	True
BraTS2021_01156	val	train	290	True
BraTS2021_01157	train	train	779	True
BraTS2021_01158	train	train	663	True
BraTS2021_01159	test	train	8	True
BraTS2021_01160	test	train	155	True
BraTS2021_01161	train	train	868	True
BraTS2021_01162	train	train	35	True
BraTS2021_01163	train	train	467	True
BraTS2021_01164	val	train	239	True
BraTS2021_01165	train	train	516	True
BraTS2021_01166	train	train	719	True
BraTS2021_01167	test	train	144	True
BraTS2021_01168	train	train	242	True
BraTS2021_01169	train	train	262	True
BraTS2021_01170	train	train	617	True
BraTS2021_01171	train	train	319	True
BraTS2021_01172	train	train	431	True
BraTS2021_01173	train	train	681	True
BraTS2021_01174	train	train	829	True
BraTS2021_01175	train	train	777	True
BraTS2021_01176	val	train	132	True
BraTS2021_01177	val	train	244	True
BraTS2021_01178	train	train	269	True
BraTS2021_01179	val	train	106	True
BraTS2021_01180	train	train	819	True
BraTS2021_01181	train	train	221	True
BraTS2021_01182	test	train	152	True
BraTS2021_01183	train	train	736	True
BraTS2021_01184	train	train	315	True
BraTS2021_01185	val	train	122	True
BraTS2021_01186	train	train	849	True
BraTS2021_01187	val	train	107	True
BraTS2021_01188	test	train	212	True
BraTS2021_01189	val	train	188	True
BraTS2021_01190	train	train	130	True
BraTS2021_01191	train	train	449	True
BraTS2021_01192	test	train	19	True
BraTS2021_01193	test	train	167	True
BraTS2021_01194	test	train	139	True
BraTS2021_01195	train	train	336	True
BraTS2021_01196	train	train	346	True
BraTS2021_01197	test	train	295	True
BraTS2021_01198	train	train	682	True
BraTS2021_01199	train	train	388	True
BraTS2021_01200	test	train	188	True
BraTS2021_01201	test	train	38	True
BraTS2021_01202	train	train	833	True
BraTS2021_01203	train	train	371	True
BraTS2021_01204	train	train	361	True
BraTS2021_01205	train	train	629	True
BraTS2021_01206	train	train	527	True
BraTS2021_01207	val	train	51	True
BraTS2021_01208	train	train	84	True
BraTS2021_01209	train	train	258	True
BraTS2021_01210	val	train	11	True
BraTS2021_01211	train	train	813	True
BraTS2021_01212	test	train	297	True
BraTS2021_01213	train	train	15	True
BraTS2021_01214	val	train	202	True
BraTS2021_01215	val	train	85	True
BraTS2021_01216	train	train	881	True
BraTS2021_01217	test	train	125	True
BraTS2021_01218	train	train	139	True
BraTS2021_01219	train	train	624	True
BraTS2021_01220	train	train	810	True
BraTS2021_01221	val	train	69	True
BraTS2021_01222	train	train	565	True
BraTS2021_01223	train	train	348	True
BraTS2021_01224	val	train	32	True
BraTS2021_01225	test	train	13	True
BraTS2021_01226	train	train	359	True
BraTS2021_01227	val	train	27	True
BraTS2021_01228	val	train	279	True
BraTS2021_01229	val	train	110	True
BraTS2021_01230	train	train	420	True
BraTS2021_01231	train	train	748	True
BraTS2021_01232	train	train	127	True
BraTS2021_01233	train	train	21	True
BraTS2021_01234	train	train	607	True
BraTS2021_01235	val	train	22	True
BraTS2021_01236	train	train	49	True
BraTS2021_01237	train	train	672	True
BraTS2021_01238	test	train	245	True
BraTS2021_01239	val	train	215	True
BraTS2021_01240	train	train	727	True
BraTS2021_01241	test	train	213	True
BraTS2021_01242	test	train	23	True
BraTS2021_01243	train	train	146	True
BraTS2021_01244	train	train	103	True
BraTS2021_01245	test	train	182	True
BraTS2021_01246	val	train	164	True
BraTS2021_01247	train	train	451	True
BraTS2021_01248	train	train	604	True
BraTS2021_01249	test	train	288	True
BraTS2021_01250	train	train	587	True
BraTS2021_01251	val	train	115	True
BraTS2021_01252	test	train	225	True
BraTS2021_01253	train	train	92	True
BraTS2021_01254	train	train	665	True
BraTS2021_01255	train	train	549	True
BraTS2021_01256	val	train	206	True
BraTS2021_01257	train	train	489	True
BraTS2021_01258	val	train	224	True
BraTS2021_01259	train	train	689	True
BraTS2021_01260	val	train	271	True
BraTS2021_01261	train	train	98	True
BraTS2021_01262	test	train	262	True
BraTS2021_01263	train	train	460	True
BraTS2021_01264	val	train	263	True
BraTS2021_01265	test	train	55	True
BraTS2021_01266	train	train	34	True
BraTS2021_01267	val	train	101	True
BraTS2021_01268	train	train	159	True
BraTS2021_01269	val	train	179	True
BraTS2021_01270	test	train	123	True
BraTS2021_01271	train	train	734	True
BraTS2021_01272	test	train	35	True
BraTS2021_01273	test	train	231	True
BraTS2021_01274	train	train	639	True
BraTS2021_01275	test	train	131	True
BraTS2021_01276	test	train	130	True
BraTS2021_01277	train	train	73	True
BraTS2021_01278	train	train	303	True
BraTS2021_01279	train	train	492	True
BraTS2021_01280	train	train	296	True
BraTS2021_01281	test	train	207	True
BraTS2021_01282	test	train	3	True
BraTS2021_01283	train	train	248	True
BraTS2021_01284	train	train	9	True
BraTS2021_01285	test	train	267	True
BraTS2021_01286	val	train	199	True
BraTS2021_01287	train	train	184	True
BraTS2021_01288	train	train	40	True
BraTS2021_01289	train	train	268	True
BraTS2021_01290	train	train	59	True
BraTS2021_01291	train	train	236	True
BraTS2021_01292	train	train	655	True
BraTS2021_01293	train	train	772	True
BraTS2021_01294	train	train	631	True
BraTS2021_01295	train	train	169	True
BraTS2021_01296	test	train	73	True
BraTS2021_01297	val	train	211	True
BraTS2021_01298	train	train	583	True
BraTS2021_01299	train	train	871	True
BraTS2021_01300	train	train	418	True
BraTS2021_01301	train	train	119	True
BraTS2021_01302	train	train	800	True
BraTS2021_01303	test	train	259	True
BraTS2021_01304	test	train	79	True
BraTS2021_01305	test	train	281	True
BraTS2021_01306	train	train	546	True
BraTS2021_01307	train	train	426	True
BraTS2021_01308	test	train	84	True
BraTS2021_01309	train	train	217	True
BraTS2021_01310	test	train	77	True
BraTS2021_01311	train	train	393	True
BraTS2021_01312	val	train	68	True
BraTS2021_01313	train	train	619	True
BraTS2021_01314	train	train	151	True
BraTS2021_01315	val	train	146	True
BraTS2021_01316	train	train	803	True
BraTS2021_01317	train	train	859	True
BraTS2021_01318	train	train	265	True
BraTS2021_01319	val	train	253	True
BraTS2021_01320	val	train	169	True
BraTS2021_01321	test	train	190	True
BraTS2021_01322	test	train	50	True
BraTS2021_01323	train	train	521	True
BraTS2021_01324	train	train	284	True
BraTS2021_01325	train	train	791	True
BraTS2021_01326	test	train	100	True
BraTS2021_01327	train	train	202	True
BraTS2021_01328	train	train	642	True
BraTS2021_01329	train	train	196	True
BraTS2021_01330	test	train	26	True
BraTS2021_01331	train	train	458	True
BraTS2021_01332	train	train	408	True
BraTS2021_01333	train	train	4	True
BraTS2021_01334	train	train	326	True
BraTS2021_01335	train	train	273	True
BraTS2021_01336	train	train	612	True
BraTS2021_01337	val	train	64	True
BraTS2021_01338	test	train	180	True
BraTS2021_01339	train	train	757	True
BraTS2021_01340	train	train	192	True
BraTS2021_01341	test	train	57	True
BraTS2021_01342	val	train	275	True
BraTS2021_01343	val	train	96	True
BraTS2021_01344	train	train	645	True
BraTS2021_01345	train	train	860	True
BraTS2021_01346	test	train	165	True
BraTS2021_01347	train	train	874	True
BraTS2021_01348	test	train	178	True
BraTS2021_01349	test	train	220	True
BraTS2021_01350	train	train	153	True
BraTS2021_01351	val	train	36	True
BraTS2021_01352	train	train	6	True
BraTS2021_01353	val	train	238	True
BraTS2021_01354	train	train	375	True
BraTS2021_01355	train	train	144	True
BraTS2021_01356	train	train	603	True
BraTS2021_01357	train	train	753	True
BraTS2021_01358	val	train	4	True
BraTS2021_01359	test	train	146	True
BraTS2021_01360	train	train	355	True
BraTS2021_01361	train	train	559	True
BraTS2021_01362	train	train	455	True
BraTS2021_01363	train	train	204	True
BraTS2021_01364	train	train	350	True
BraTS2021_01365	val	train	45	True
BraTS2021_01366	train	train	769	True
BraTS2021_01367	train	train	327	True
BraTS2021_01368	train	train	294	True
BraTS2021_01369	train	train	68	True
BraTS2021_01370	train	train	863	True
BraTS2021_01371	test	train	1	True
BraTS2021_01372	val	train	92	True
BraTS2021_01373	train	train	817	True
BraTS2021_01374	train	train	161	True
BraTS2021_01375	train	train	163	True
BraTS2021_01376	train	train	831	True
BraTS2021_01377	val	train	186	True
BraTS2021_01378	train	train	473	True
BraTS2021_01379	val	train	21	True
BraTS2021_01380	val	train	168	True
BraTS2021_01381	train	train	554	True
BraTS2021_01382	test	train	111	True
BraTS2021_01383	train	train	277	True
BraTS2021_01384	train	train	552	True
BraTS2021_01385	test	train	60	True
BraTS2021_01386	train	train	280	True
BraTS2021_01387	test	train	159	True
BraTS2021_01388	test	train	52	True
BraTS2021_01389	val	train	137	True
BraTS2021_01390	train	train	714	True
BraTS2021_01391	train	train	377	True
BraTS2021_01392	val	train	228	True
BraTS2021_01393	train	train	807	True
BraTS2021_01394	train	train	507	True
BraTS2021_01395	train	train	563	True
BraTS2021_01396	train	train	335	True
BraTS2021_01397	val	train	255	True
BraTS2021_01398	train	train	827	True
BraTS2021_01399	train	train	523	True
BraTS2021_01400	train	train	676	True
BraTS2021_01401	train	train	517	True
BraTS2021_01402	test	train	10	True
BraTS2021_01403	train	train	575	True
BraTS2021_01404	val	train	0	True
BraTS2021_01405	train	train	368	True
BraTS2021_01406	train	train	441	True
BraTS2021_01407	test	train	97	True
BraTS2021_01408	train	train	463	True
BraTS2021_01409	val	train	60	True
BraTS2021_01410	train	train	396	True
BraTS2021_01411	train	train	188	True
BraTS2021_01412	test	train	140	True
BraTS2021_01413	train	train	644	True
BraTS2021_01414	test	train	243	True
BraTS2021_01415	test	train	98	True
BraTS2021_01416	train	train	446	True
BraTS2021_01417	test	train	247	True
BraTS2021_01418	train	train	485	True
BraTS2021_01419	val	train	162	True
BraTS2021_01420	train	train	312	True
BraTS2021_01421	val	train	165	True
BraTS2021_01422	train	train	611	True
BraTS2021_01423	train	train	732	True
BraTS2021_01424	train	train	404	True
BraTS2021_01425	train	train	854	True
BraTS2021_01426	train	train	481	True
BraTS2021_01427	train	train	301	True
BraTS2021_01428	train	train	331	True
BraTS2021_01429	test	train	72	True
BraTS2021_01430	train	train	788	True
BraTS2021_01431	train	train	168	True
BraTS2021_01432	train	train	635	True
BraTS2021_01433	train	train	702	True
BraTS2021_01434	test	train	236	True
BraTS2021_01435	train	train	234	True
BraTS2021_01436	test	train	29	True
BraTS2021_01437	train	train	422	True
BraTS2021_01438	train	train	226	True
BraTS2021_01439	train	train	211	True
BraTS2021_01440	train	train	498	True
BraTS2021_01441	train	train	763	True
BraTS2021_01442	train	train	175	True
BraTS2021_01443	train	train	866	True
BraTS2021_01444	train	train	698	True
BraTS2021_01445	test	train	202	True
BraTS2021_01446	train	train	106	True
BraTS2021_01447	train	train	357	True
BraTS2021_01448	test	train	285	True
BraTS2021_01449	train	train	434	True
BraTS2021_01450	test	train	251	True
BraTS2021_01451	train	train	535	True
BraTS2021_01452	train	train	81	True
BraTS2021_01453	train	train	373	True
BraTS2021_01454	test	train	121	True
BraTS2021_01455	train	train	844	True
BraTS2021_01456	val	train	258	True
BraTS2021_01457	train	train	12	True
BraTS2021_01458	test	train	290	True
BraTS2021_01459	val	train	286	True
BraTS2021_01460	train	train	341	True
BraTS2021_01461	train	train	69	True
BraTS2021_01462	train	train	705	True
BraTS2021_01463	test	train	238	True
BraTS2021_01464	val	train	216	True
BraTS2021_01465	test	train	170	True
BraTS2021_01466	test	train	76	True
BraTS2021_01467	test	train	87	True
BraTS2021_01468	test	train	240	True
BraTS2021_01469	train	train	382	True
BraTS2021_01470	test	train	151	True
BraTS2021_01471	train	train	198	True
BraTS2021_01472	train	train	387	True
BraTS2021_01473	train	train	597	True
BraTS2021_01474	train	train	586	True
BraTS2021_01475	train	train	658	True
BraTS2021_01476	train	train	841	True
BraTS2021_01477	train	train	438	True
BraTS2021_01478	train	train	46	True
BraTS2021_01479	test	train	256	True
BraTS2021_01480	train	train	250	True
BraTS2021_01481	train	train	796	True
BraTS2021_01482	train	train	11	True
BraTS2021_01483	test	train	192	True
BraTS2021_01484	train	train	343	True
BraTS2021_01485	val	train	47	True
BraTS2021_01486	train	train	532	True
BraTS2021_01487	train	train	839	True
BraTS2021_01488	test	train	176	True
BraTS2021_01489	val	train	221	True
BraTS2021_01490	val	train	284	True
BraTS2021_01491	val	train	249	True
BraTS2021_01492	val	train	191	True
BraTS2021_01493	val	train	197	True
BraTS2021_01494	train	train	165	True
BraTS2021_01495	train	train	825	True
BraTS2021_01496	train	train	654	True
BraTS2021_01497	test	train	63	True
BraTS2021_01498	train	train	22	True
BraTS2021_01499	test	train	217	True
BraTS2021_01500	train	train	316	True
BraTS2021_01501	test	train	117	True
BraTS2021_01502	train	train	716	True
BraTS2021_01503	train	train	730	True
BraTS2021_01504	train	train	797	True
BraTS2021_01505	val	train	17	True
BraTS2021_01506	train	train	701	True
BraTS2021_01507	train	train	289	True
BraTS2021_01508	train	train	697	True
BraTS2021_01509	test	train	234	True
BraTS2021_01510	train	train	515	True
BraTS2021_01511	train	train	674	True
BraTS2021_01512	train	train	504	True
BraTS2021_01513	train	train	57	True
BraTS2021_01514	train	train	134	True
BraTS2021_01515	val	train	126	True
BraTS2021_01516	train	train	278	True
BraTS2021_01517	train	train	272	True
BraTS2021_01518	train	train	307	True
BraTS2021_01519	train	train	802	True
BraTS2021_01520	test	train	172	True
BraTS2021_01521	train	train	142	True
BraTS2021_01522	val	train	90	True
BraTS2021_01523	train	train	391	True
BraTS2021_01524	train	train	149	True
BraTS2021_01525	val	train	273	True
BraTS2021_01526	val	train	94	True
BraTS2021_01527	val	train	222	True
BraTS2021_01528	train	train	761	True
BraTS2021_01529	train	train	245	True
BraTS2021_01530	train	train	529	True
BraTS2021_01531	val	train	54	True
BraTS2021_01532	val	train	16	True
BraTS2021_01533	train	train	573	True
BraTS2021_01534	train	train	541	True
BraTS2021_01535	val	train	8	True
BraTS2021_01536	train	train	786	True
BraTS2021_01537	train	train	121	True
BraTS2021_01538	train	train	305	True
BraTS2021_01539	train	train	225	True
BraTS2021_01540	train	train	627	True
BraTS2021_01541	train	train	199	True
BraTS2021_01542	val	train	175	True
BraTS2021_01543	val	train	268	True
BraTS2021_01544	train	train	85	True
BraTS2021_01545	val	train	269	True
BraTS2021_01546	test	train	161	True
BraTS2021_01547	train	train	292	True
BraTS2021_01548	train	train	723	True
BraTS2021_01549	val	train	260	True
BraTS2021_01550	train	train	883	True
BraTS2021_01551	test	train	15	True
BraTS2021_01552	train	train	493	True
BraTS2021_01553	test	train	89	True
BraTS2021_01554	val	train	6	True
BraTS2021_01555	val	train	117	True
BraTS2021_01556	train	train	456	True
BraTS2021_01557	train	train	220	True
BraTS2021_01558	train	train	560	True
BraTS2021_01559	test	train	45	True
BraTS2021_01560	train	train	744	True
BraTS2021_01561	val	train	246	True
BraTS2021_01562	train	train	383	True
BraTS2021_01563	train	train	131	True
BraTS2021_01564	train	train	37	True
BraTS2021_01565	train	train	352	True
BraTS2021_01566	train	train	231	True
BraTS2021_01567	val	train	39	True
BraTS2021_01568	train	train	766	True
BraTS2021_01569	test	train	274	True
BraTS2021_01570	val	train	178	True
BraTS2021_01571	test	train	32	True
BraTS2021_01572	val	train	71	True
BraTS2021_01573	train	train	178	True
BraTS2021_01574	test	train	283	True
BraTS2021_01575	train	train	402	True
BraTS2021_01576	val	train	196	True
BraTS2021_01577	train	train	110	True
BraTS2021_01578	train	train	440	True
BraTS2021_01579	train	train	90	True
BraTS2021_01580	train	train	621	True
BraTS2021_01581	train	train	669	True
BraTS2021_01582	train	train	722	True
BraTS2021_01583	val	train	134	True
BraTS2021_01584	train	train	44	True
BraTS2021_01585	train	train	569	True
BraTS2021_01586	train	train	260	True
BraTS2021_01587	train	train	2	True
BraTS2021_01588	train	train	256	True
BraTS2021_01589	train	train	363	True
BraTS2021_01590	train	train	640	True
BraTS2021_01591	val	train	75	True
BraTS2021_01592	test	train	128	True
BraTS2021_01593	test	train	276	True
BraTS2021_01594	train	train	430	True
BraTS2021_01595	test	train	109	True
BraTS2021_01596	train	train	64	True
BraTS2021_01597	train	train	876	True
BraTS2021_01598	test	train	270	True
BraTS2021_01599	train	train	712	True
BraTS2021_01600	train	train	330	True
BraTS2021_01601	train	train	288	True
BraTS2021_01602	train	train	60	True
BraTS2021_01603	train	train	75	True
BraTS2021_01604	train	train	483	True
BraTS2021_01605	train	train	806	True
BraTS2021_01606	val	train	103	True
BraTS2021_01607	train	train	298	True
BraTS2021_01608	train	train	154	True
BraTS2021_01609	train	train	774	True
BraTS2021_01610	train	train	667	True
BraTS2021_01611	train	train	850	True
BraTS2021_01612	train	train	710	True
BraTS2021_01613	train	train	283	True
BraTS2021_01614	train	train	582	True
BraTS2021_01615	train	train	511	True
BraTS2021_01616	val	train	193	True
BraTS2021_01617	train	train	27	True
BraTS2021_01618	val	train	236	True
BraTS2021_01619	train	train	821	True
BraTS2021_01620	train	train	174	True
BraTS2021_01621	train	train	88	True
BraTS2021_01622	train	train	340	True
BraTS2021_01623	val	train	264	True
BraTS2021_01624	train	train	240	True
BraTS2021_01625	val	train	80	True
BraTS2021_01626	test	train	271	True
BraTS2021_01627	val	train	118	True
BraTS2021_01628	train	train	496	True
BraTS2021_01629	val	train	232	True
BraTS2021_01630	train	train	238	True
BraTS2021_01631	test	train	5	True
BraTS2021_01632	val	train	2	True
BraTS2021_01633	test	train	156	True
BraTS2021_01634	val	train	212	True
BraTS2021_01635	test	train	228	True
BraTS2021_01636	train	train	96	True
BraTS2021_01637	val	train	292	True
BraTS2021_01638	val	train	139	True
BraTS2021_01639	train	train	323	True
BraTS2021_01640	test	train	44	True
BraTS2021_01641	train	train	410	True
BraTS2021_01642	train	train	615	True
BraTS2021_01643	val	train	174	True
BraTS2021_01644	train	train	770	True
BraTS2021_01645	train	train	378	True
BraTS2021_01646	train	train	116	True
BraTS2021_01647	test	train	107	True
BraTS2021_01648	test	train	198	True
BraTS2021_01649	val	train	208	True
BraTS2021_01650	train	train	63	True
BraTS2021_01651	test	train	134	True
BraTS2021_01652	val	train	98	True
BraTS2021_01653	train	train	502	True
BraTS2021_01654	test	train	102	True
BraTS2021_01655	train	train	36	True
BraTS2021_01656	train	train	72	True
BraTS2021_01657	test	train	149	True
BraTS2021_01658	train	train	444	True
BraTS2021_01659	val	train	154	True
BraTS2021_01660	train	train	186	True
BraTS2021_01661	train	train	16	True
BraTS2021_01662	train	train	685	True
BraTS2021_01663	train	train	157	True
BraTS2021_01664	val	train	25	True
BraTS2021_01665	train	train	310	True
BraTS2021_01666	test	train	280	True
BraTS2021_01667	train	val	660	False
BraTS2021_01668	train	val	486	False
BraTS2021_01669	train	val	520	False
BraTS2021_01670	test	val	81	False
BraTS2021_01671	val	val	7	False
BraTS2021_01672	test	val	253	False
BraTS2021_01673	train	val	20	False
BraTS2021_01674	val	val	172	False
BraTS2021_01675	train	val	334	False
BraTS2021_01676	train	val	170	False
BraTS2021_01677	train	val	147	False
BraTS2021_01678	val	val	183	False
BraTS2021_01679	train	val	299	False
BraTS2021_01680	train	val	602	False
BraTS2021_01681	train	val	89	False
BraTS2021_01682	val	val	254	False
BraTS2021_01683	train	val	741	False
BraTS2021_01684	train	val	100	False
BraTS2021_01685	test	val	160	False
BraTS2021_01686	val	val	102	False
BraTS2021_01687	val	val	231	False
BraTS2021_01688	train	val	589	False
BraTS2021_01689	val	val	42	False
BraTS2021_01690	test	val	241	False
BraTS2021_01691	test	val	195	False
BraTS2021_01692	test	val	0	False
BraTS2021_01693	test	val	150	False
BraTS2021_01694	train	val	776	False
BraTS2021_01695	train	val	729	False
BraTS2021_01696	train	val	530	False
BraTS2021_01697	train	val	823	False
BraTS2021_01698	train	val	55	False
BraTS2021_01699	train	val	508	False
BraTS2021_01700	train	val	787	False
BraTS2021_01701	train	val	613	False
BraTS2021_01702	train	val	427	False
BraTS2021_01703	test	val	184	False
BraTS2021_01704	train	val	31	False
BraTS2021_01705	train	val	216	False
BraTS2021_01706	train	val	764	False
BraTS2021_01707	train	val	578	False
BraTS2021_01708	test	val	58	False
BraTS2021_01709	test	val	24	False
BraTS2021_01710	train	val	497	False
BraTS2021_01711	train	val	811	False
BraTS2021_01712	test	val	46	False
BraTS2021_01713	train	val	321	False
BraTS2021_01714	train	val	452	False
BraTS2021_01715	train	val	201	False
BraTS2021_01716	test	val	175	False
BraTS2021_01717	test	val	265	False
BraTS2021_01718	train	val	77	False
BraTS2021_01719	val	val	78	False
BraTS2021_01720	val	val	136	False
BraTS2021_01721	train	val	345	False
BraTS2021_01722	train	val	869	False
BraTS2021_01723	val	val	65	False
BraTS2021_01724	train	val	287	False
BraTS2021_01725	test	val	173	False
BraTS2021_01726	train	val	671	False
BraTS2021_01727	train	val	845	False
BraTS2021_01728	test	val	287	False
BraTS2021_01729	train	val	358	False
BraTS2021_01730	val	val	278	False
BraTS2021_01731	test	val	230	False
BraTS2021_01732	train	val	858	False
BraTS2021_01733	train	val	696	False
BraTS2021_01734	train	val	754	False
BraTS2021_01735	train	val	275	False
BraTS2021_01736	train	val	253	False
BraTS2021_01737	test	val	218	False
BraTS2021_01738	train	val	555	False
BraTS2021_01739	val	val	265	False
BraTS2021_01740	test	val	275	False
BraTS2021_01741	train	val	567	False
BraTS2021_01742	test	val	208	False
BraTS2021_01743	test	val	138	False
BraTS2021_01744	train	val	414	False
BraTS2021_01745	test	val	70	False
BraTS2021_01746	val	val	241	False
BraTS2021_01747	train	val	717	False
BraTS2021_01748	train	val	241	False
BraTS2021_01749	val	val	113	False
BraTS2021_01750	train	val	183	False
BraTS2021_01751	train	val	264	False
BraTS2021_01752	val	val	31	False
BraTS2021_01753	train	val	636	False
BraTS2021_01754	train	val	311	False
BraTS2021_01755	test	val	115	False
BraTS2021_01756	train	val	42	False
BraTS2021_01757	train	val	229	False
BraTS2021_01758	val	val	218	False
BraTS2021_01759	val	val	18	False
BraTS2021_01760	train	val	392	False
BraTS2021_01761	val	val	160	False
BraTS2021_01762	test	val	127	False
BraTS2021_01763	train	val	158	False
BraTS2021_01764	test	val	103	False
BraTS2021_01765	train	val	113	False
BraTS2021_01766	train	val	834	False
BraTS2021_01767	train	val	193	False
BraTS2021_01768	val	val	124	False
BraTS2021_01769	train	val	706	False
BraTS2021_01770	train	val	369	False
BraTS2021_01771	test	val	145	False
BraTS2021_01772	train	val	137	False
BraTS2021_01773	train	val	625	False
BraTS2021_01774	train	val	206	False
BraTS2021_01775	test	val	93	False
BraTS2021_01776	train	val	648	False
BraTS2021_01777	train	val	450	False
BraTS2021_01778	test	val	36	False
BraTS2021_01779	train	val	472	False
BraTS2021_01780	val	val	55	False
BraTS2021_01781	train	val	683	False
BraTS2021_01782	train	val	135	False
BraTS2021_01783	val	val	89	False
BraTS2021_01784	train	val	882	False
BraTS2021_01785	train	val	125	False
BraTS2021_01786	val	val	194	False
BraTS2021_01787	train	val	801	False
BraTS2021_01788	train	val	380	False
BraTS2021_01789	train	val	462	False
BraTS2021_01790	train	val	65	False
BraTS2021_01791	val	val	289	False
BraTS2021_01792	train	val	7	False
BraTS2021_01793	val	val	148	False
BraTS2021_01794	test	val	12	False
BraTS2021_01795	train	val	544	False
BraTS2021_01796	val	val	207	False
BraTS2021_01797	train	val	403	False
BraTS2021_01798	train	val	439	False
