participant_id	session_id	age	sex	site	days_since_baseline	os_days	os_event	survival_status	idh1	mgmt	kps	gross_total_resection	psp_tp_score
UPENN-GBM-00001	baseline	52.16	F	UPenn	0	960	1	Deceased	wildtype	n/a	n/a	True	n/a
UPENN-GBM-00002	baseline	61.3	F	UPenn	0	291	1	Deceased	wildtype	n/a	n/a	True	n/a
UPENN-GBM-00003	baseline	42.82	M	UPenn	0	2838	1	Deceased	wildtype	n/a	n/a	True	n/a
UPENN-GBM-00004	baseline	33.43	M	UPenn	0	623	1	Deceased	n/a	n/a	n/a	True	n/a
UPENN-GBM-00005	baseline	53.33	M	UPenn	0	1143	1	Deceased	wildtype	n/a	n/a	True	n/a
UPENN-GBM-00006	baseline	52.99	M	UPenn	0	626	1	Deceased	wildtype	n/a	n/a	True	n/a
UPENN-GBM-00007	baseline	56.96	M	UPenn	0	348	1	Deceased	wildtype	n/a	n/a	True	n/a
UPENN-GBM-00008	baseline	55.06	F	UPenn	0	469	1	Deceased	wildtype	n/a	n/a	True	n/a
UPENN-GBM-00009	baseline	69.12	M	UPenn	0	561	1	Deceased	wildtype	n/a	n/a	True	n/a
UPENN-GBM-00010	baseline	77.54	M	UPenn	0	501	1	Deceased	wildtype	n/a	n/a	True	n/a
UPENN-GBM-00011	baseline	39.61	F	UPenn	0	798	1	Deceased	n/a	n/a	n/a	True	n/a
UPENN-GBM-00012	baseline	53.85	M	UPenn	0	882	1	Deceased	wildtype	n/a	n/a	True	n/a
UPENN-GBM-00013	baseline	69.45	M	UPenn	0	472	1	Deceased	n/a	n/a	n/a	True	n/a
UPENN-GBM-00014	baseline	68.06	M	UPenn	0	272	1	Deceased	wildtype	n/a	n/a	True	n/a
UPENN-GBM-00015	baseline	54.9	M	UPenn	0	554	1	Deceased	wildtype	n/a	n/a	True	n/a
UPENN-GBM-00016	baseline	70.89	M	UPenn	0	509	1	Deceased	wildtype	n/a	n/a	True	n/a
UPENN-GBM-00017	baseline	69.23	M	UPenn	0	1297	1	Deceased	n/a	n/a	n/a	False	n/a
UPENN-GBM-00018	baseline	57.21	F	UPenn	0	1170	1	Deceased	wildtype	n/a	n/a	True	n/a
UPENN-GBM-00019	baseline	43.12	F	UPenn	0	1358	1	Deceased	wildtype	n/a	n/a	True	n/a
UPENN-GBM-00020	baseline	50.86	M	UPenn	0	425	1	Deceased	wildtype	n/a	n/a	True	n/a
UPENN-GBM-00021	baseline	49.04	F	UPenn	0	510	1	Deceased	wildtype	n/a	n/a	True	n/a
UPENN-GBM-00022	baseline	53.88	F	UPenn	0	1882	1	Deceased	wildtype	unmethylated	n/a	n/a	n/a
UPENN-GBM-00023	baseline	55.57	M	UPenn	0	1341	0	Lost to Follow-up	wildtype	n/a	n/a	False	n/a
UPENN-GBM-00024	baseline	54.26	M	UPenn	0	454	1	Deceased	wildtype	n/a	n/a	True	n/a
UPENN-GBM-00025	baseline	64.32	F	UPenn	0	710	1	Deceased	wildtype	n/a	n/a	True	n/a
UPENN-GBM-00026	baseline	52.43	M	UPenn	0	363	1	Deceased	n/a	n/a	n/a	False	n/a
UPENN-GBM-00027	baseline	65.08	F	UPenn	0	407	1	Deceased	wildtype	n/a	n/a	True	n/a
UPENN-GBM-00028	baseline	67.35	F	UPenn	0	368	1	Deceased	wildtype	n/a	n/a	False	n/a
UPENN-GBM-00029	baseline	22.03	M	UPenn	0	1504	1	Deceased	wildtype	n/a	n/a	True	n/a
UPENN-GBM-00030	baseline	66.81	M	UPenn	0	502	1	Deceased	wildtype	n/a	n/a	True	n/a
UPENN-GBM-00031	baseline	65.92	M	UPenn	0	2207	1	Deceased	wildtype	n/a	n/a	False	n/a
UPENN-GBM-00032	baseline	63.26	M	UPenn	0	272	1	Deceased	n/a	n/a	n/a	True	n/a
UPENN-GBM-00033	baseline	60.52	M	UPenn	0	707	1	Deceased	wildtype	n/a	n/a	True	n/a
UPENN-GBM-00034	baseline	53.63	F	UPenn	0	464	1	Deceased	wildtype	unmethylated	n/a	False	n/a
UPENN-GBM-00035	baseline	56.25	M	UPenn	0	364	1	Deceased	wildtype	n/a	n/a	True	n/a
UPENN-GBM-00036	baseline	42.14	M	UPenn	0	808	1	Deceased	wildtype	n/a	n/a	True	n/a
UPENN-GBM-00036	followup	43.57	M	UPenn	521	286	1	Deceased	wildtype	n/a	n/a	n/a	6
UPENN-GBM-00037	baseline	58.41	M	UPenn	0	664	1	Deceased	wildtype	n/a	n/a	True	n/a
UPENN-GBM-00038	baseline	57.99	M	UPenn	0	268	1	Deceased	wildtype	n/a	n/a	False	n/a
UPENN-GBM-00039	baseline	64.5	F	UPenn	0	2048	1	Deceased	wildtype	n/a	n/a	True	n/a
UPENN-GBM-00040	baseline	52.45	M	UPenn	0	360	1	Deceased	wildtype	n/a	n/a	True	n/a
UPENN-GBM-00041	baseline	65.65	M	UPenn	0	598	1	Deceased	wildtype	n/a	n/a	True	n/a
UPENN-GBM-00042	baseline	62.05	M	UPenn	0	371	1	Deceased	wildtype	n/a	n/a	True	n/a
UPENN-GBM-00042	followup	62.83	M	UPenn	282	76	1	Deceased	n/a	n/a	n/a	n/a	6
UPENN-GBM-00043	baseline	63.48	M	UPenn	0	172	1	Deceased	n/a	n/a	n/a	True	n/a
UPENN-GBM-00044	baseline	63.41	M	UPenn	0	379	1	Deceased	wildtype	n/a	n/a	True	n/a
UPENN-GBM-00045	baseline	50.8	F	UPenn	0	538	1	Deceased	wildtype	n/a	n/a	True	n/a
UPENN-GBM-00045	followup	51.11	F	UPenn	113	419	1	Deceased	n/a	n/a	n/a	n/a	2
UPENN-GBM-00046	baseline	58.75	M	UPenn	0	195	1	Deceased	wildtype	n/a	n/a	True	n/a
UPENN-GBM-00047	baseline	63.44	M	UPenn	0	437	1	Deceased	n/a	n/a	n/a	True	n/a
UPENN-GBM-00048	baseline	65.22	M	UPenn	0	1159	1	Deceased	wildtype	n/a	n/a	False	n/a
UPENN-GBM-00049	baseline	57.67	M	UPenn	0	224	1	Deceased	wildtype	n/a	n/a	True	n/a
UPENN-GBM-00050	baseline	54.04	M	UPenn	0	662	1	Deceased	wildtype	n/a	n/a	True	n/a
UPENN-GBM-00051	baseline	60.21	F	UPenn	0	781	1	Deceased	wildtype	n/a	n/a	True	n/a
UPENN-GBM-00051	followup	61.26	F	UPenn	385	401	1	Deceased	wildtype	n/a	n/a	n/a	6
UPENN-GBM-00052	baseline	53.35	M	UPenn	0	563	1	Deceased	n/a	n/a	n/a	True	n/a
UPENN-GBM-00052	followup	54.34	M	UPenn	362	183	1	Deceased	wildtype	n/a	n/a	n/a	6
UPENN-GBM-00053	baseline	64.0	M	UPenn	0	396	1	Deceased	wildtype	n/a	n/a	True	n/a
UPENN-GBM-00054	baseline	39.88	F	UPenn	0	412	1	Deceased	n/a	n/a	n/a	True	n/a
UPENN-GBM-00055	baseline	57.87	M	UPenn	0	74	1	Deceased	wildtype	n/a	n/a	True	n/a
UPENN-GBM-00055	followup	57.96	M	UPenn	31	39	1	Deceased	n/a	n/a	n/a	n/a	5
UPENN-GBM-00056	baseline	68.84	F	UPenn	0	2516	1	Deceased	wildtype	n/a	n/a	True	n/a
UPENN-GBM-00057	baseline	65.95	M	UPenn	0	673	1	Deceased	wildtype	n/a	n/a	True	n/a
UPENN-GBM-00058	baseline	50.92	M	UPenn	0	392	1	Deceased	wildtype	n/a	n/a	True	n/a
UPENN-GBM-00059	baseline	56.53	M	UPenn	0	369	1	Deceased	wildtype	n/a	n/a	True	n/a
UPENN-GBM-00060	baseline	59.07	M	UPenn	0	445	1	Deceased	wildtype	n/a	n/a	True	n/a
UPENN-GBM-00061	baseline	60.22	M	UPenn	0	851	1	Deceased	n/a	n/a	n/a	False	n/a
UPENN-GBM-00062	baseline	61.4	M	UPenn	0	427	1	Deceased	wildtype	n/a	n/a	True	n/a
UPENN-GBM-00063	baseline	80.8	F	UPenn	0	1152	1	Deceased	wildtype	n/a	n/a	True	n/a
UPENN-GBM-00064	baseline	73.75	F	UPenn	0	879	1	Deceased	wildtype	n/a	n/a	True	n/a
UPENN-GBM-00065	baseline	75.64	F	UPenn	0	111	1	Deceased	n/a	n/a	n/a	True	n/a
UPENN-GBM-00066	baseline	62.46	F	UPenn	0	493	1	Deceased	wildtype	n/a	n/a	True	n/a
UPENN-GBM-00067	baseline	72.39	F	UPenn	0	282	1	Deceased	n/a	n/a	n/a	True	n/a
UPENN-GBM-00068	baseline	52.2	M	UPenn	0	389	1	Deceased	wildtype	n/a	n/a	True	n/a
UPENN-GBM-00069	baseline	50.77	M	UPenn	0	296	1	Deceased	wildtype	n/a	n/a	True	n/a
UPENN-GBM-00070	baseline	75.63	F	UPenn	0	37	1	Deceased	wildtype	n/a	n/a	True	n/a
UPENN-GBM-00071	baseline	37.13	F	UPenn	0	6129	0	Alive	mutated	n/a	n/a	True	n/a
UPENN-GBM-00072	baseline	59.79	F	UPenn	0	553	1	Deceased	wildtype	n/a	n/a	True	n/a
UPENN-GBM-00073	baseline	68.99	M	UPenn	0	291	1	Deceased	n/a	n/a	n/a	True	n/a
UPENN-GBM-00074	baseline	56.51	M	UPenn	0	1071	1	Deceased	n/a	n/a	n/a	True	n/a
UPENN-GBM-00075	baseline	54.1	M	UPenn	0	278	1	Deceased	wildtype	n/a	n/a	True	n/a
UPENN-GBM-00076	baseline	61.42	M	UPenn	0	54	1	Deceased	n/a	n/a	n/a	n/a	n/a
UPENN-GBM-00077	baseline	80.93	M	UPenn	0	54	1	Deceased	wildtype	n/a	n/a	True	n/a
UPENN-GBM-00078	baseline	70.74	M	UPenn	0	158	1	Deceased	wildtype	n/a	n/a	True	n/a
UPENN-GBM-00079	baseline	78.67	F	UPenn	0	57	1	Deceased	n/a	n/a	n/a	True	n/a
UPENN-GBM-00080	baseline	57.71	F	UPenn	0	583	1	Deceased	n/a	n/a	n/a	True	n/a
UPENN-GBM-00081	baseline	63.0	M	UPenn	0	24	1	Deceased	n/a	n/a	n/a	True	n/a
UPENN-GBM-00082	baseline	44.78	M	UPenn	0	351	1	Deceased	wildtype	n/a	n/a	True	n/a
UPENN-GBM-00083	baseline	68.78	M	UPenn	0	333	1	Deceased	wildtype	n/a	60	True	n/a
UPENN-GBM-00084	baseline	47.22	F	UPenn	0	442	1	Deceased	wildtype	n/a	n/a	True	n/a
UPENN-GBM-00084	followup	47.63	F	UPenn	151	281	1	Deceased	n/a	n/a	n/a	n/a	2
UPENN-GBM-00085	baseline	48.18	M	UPenn	0	6135	0	Alive	wildtype	n/a	n/a	True	n/a
UPENN-GBM-00086	baseline	70.81	M	UPenn	0	146	1	Deceased	wildtype	n/a	n/a	False	n/a
UPENN-GBM-00086	followup	71.13	M	UPenn	116	30	1	Deceased	wildtype	n/a	n/a	n/a	4
UPENN-GBM-00087	baseline	71.76	M	UPenn	0	44	1	Deceased	n/a	n/a	n/a	True	n/a
UPENN-GBM-00088	baseline	47.32	M	UPenn	0	334	1	Deceased	wildtype	unmethylated	90	True	n/a
UPENN-GBM-00088	followup	47.92	M	UPenn	221	106	1	Deceased	wildtype	n/a	n/a	n/a	5
UPENN-GBM-00089	baseline	77.37	M	UPenn	0	1475	1	Deceased	wildtype	n/a	90	True	n/a
UPENN-GBM-00090	baseline	66.91	F	UPenn	0	400	1	Deceased	wildtype	n/a	n/a	False	n/a
UPENN-GBM-00091	baseline	70.54	M	UPenn	0	200	1	Deceased	wildtype	unmethylated	n/a	False	n/a
UPENN-GBM-00092	baseline	66.44	F	UPenn	0	30	1	Deceased	wildtype	unmethylated	80	True	n/a
UPENN-GBM-00093	baseline	51.3	F	UPenn	0	616	1	Deceased	wildtype	unmethylated	70	True	n/a
UPENN-GBM-00093	followup	52.21	F	UPenn	332	284	1	Deceased	wildtype	unmethylated	n/a	n/a	5
UPENN-GBM-00094	baseline	65.95	M	UPenn	0	383	1	Deceased	wildtype	unmethylated	n/a	True	n/a
UPENN-GBM-00095	baseline	61.15	M	UPenn	0	289	1	Deceased	wildtype	methylated	n/a	False	n/a
UPENN-GBM-00096	baseline	63.58	F	UPenn	0	20	1	Deceased	wildtype	n/a	n/a	False	n/a
UPENN-GBM-00097	baseline	57.01	M	UPenn	0	709	1	Deceased	wildtype	n/a	90	False	n/a
UPENN-GBM-00098	baseline	62.67	F	UPenn	0	524	1	Deceased	wildtype	methylated	n/a	True	n/a
UPENN-GBM-00099	baseline	56.37	M	UPenn	0	578	1	Deceased	wildtype	n/a	90	True	n/a
UPENN-GBM-00100	baseline	46.18	M	UPenn	0	205	1	Deceased	n/a	n/a	n/a	False	n/a
UPENN-GBM-00101	baseline	60.9	M	UPenn	0	339	1	Deceased	n/a	n/a	n/a	False	n/a
UPENN-GBM-00102	baseline	77.43	M	UPenn	0	106	1	Deceased	n/a	n/a	n/a	True	n/a
UPENN-GBM-00103	baseline	78.68	F	UPenn	0	66	1	Deceased	n/a	n/a	n/a	False	n/a
UPENN-GBM-00104	baseline	73.09	F	UPenn	0	211	1	Deceased	wildtype	n/a	n/a	False	n/a
UPENN-GBM-00105	baseline	74.05	F	UPenn	0	32	1	Deceased	n/a	n/a	n/a	False	n/a
UPENN-GBM-00106	baseline	72.4	F	UPenn	0	104	1	Deceased	n/a	n/a	n/a	True	n/a
UPENN-GBM-00107	baseline	54.35	M	UPenn	0	472	1	Deceased	n/a	n/a	n/a	False	n/a
UPENN-GBM-00108	baseline	66.99	M	UPenn	0	173	1	Deceased	n/a	n/a	n/a	False	n/a
UPENN-GBM-00109	baseline	51.02	M	UPenn	0	351	1	Deceased	n/a	n/a	n/a	True	n/a
UPENN-GBM-00110	baseline	61.44	F	UPenn	0	257	1	Deceased	n/a	n/a	n/a	False	n/a
UPENN-GBM-00111	baseline	72.49	M	UPenn	0	290	1	Deceased	n/a	n/a	n/a	False	n/a
UPENN-GBM-00112	baseline	64.07	M	UPenn	0	494	1	Deceased	n/a	n/a	n/a	True	n/a
UPENN-GBM-00113	baseline	68.8	F	UPenn	0	479	1	Deceased	wildtype	n/a	n/a	True	n/a
UPENN-GBM-00114	baseline	47.1	F	UPenn	0	1302	1	Deceased	n/a	n/a	n/a	True	n/a
UPENN-GBM-00115	baseline	72.36	F	UPenn	0	87	1	Deceased	wildtype	methylated	n/a	False	n/a
UPENN-GBM-00116	baseline	56.56	M	UPenn	0	65	1	Deceased	wildtype	n/a	90	False	n/a
UPENN-GBM-00117	baseline	77.03	F	UPenn	0	173	1	Deceased	wildtype	unmethylated	n/a	False	n/a
UPENN-GBM-00118	baseline	73.89	M	UPenn	0	30	1	Deceased	wildtype	n/a	n/a	True	n/a
UPENN-GBM-00119	baseline	54.1	F	UPenn	0	84	1	Deceased	wildtype	n/a	80	True	n/a
UPENN-GBM-00120	baseline	78.75	F	UPenn	0	289	1	Deceased	wildtype	unmethylated	90	False	n/a
UPENN-GBM-00121	baseline	58.52	M	UPenn	0	226	1	Deceased	wildtype	unmethylated	n/a	False	n/a
UPENN-GBM-00122	baseline	64.22	M	UPenn	0	284	1	Deceased	wildtype	unmethylated	90	True	n/a
UPENN-GBM-00122	followup	64.85	M	UPenn	229	47	1	Deceased	wildtype	unmethylated	n/a	n/a	4
UPENN-GBM-00123	baseline	24.61	F	UPenn	0	488	0	Lost to Follow-up	mutated	n/a	n/a	n/a	n/a
UPENN-GBM-00124	baseline	76.36	F	UPenn	0	735	1	Deceased	wildtype	methylated	100	False	n/a
UPENN-GBM-00125	baseline	23.96	F	UPenn	0	1525	1	Deceased	wildtype	unmethylated	100	True	n/a
UPENN-GBM-00126	baseline	50.76	M	UPenn	0	766	1	Deceased	wildtype	n/a	n/a	False	n/a
UPENN-GBM-00127	baseline	68.85	M	UPenn	0	721	1	Deceased	wildtype	n/a	n/a	True	n/a
UPENN-GBM-00128	baseline	81.29	F	UPenn	0	990	1	Deceased	wildtype	methylated	90	True	n/a
UPENN-GBM-00128	followup	81.54	F	UPenn	92	885	1	Deceased	wildtype	methylated	n/a	n/a	6
UPENN-GBM-00129	baseline	57.59	M	UPenn	0	171	1	Deceased	wildtype	unmethylated	n/a	True	n/a
UPENN-GBM-00129	followup	57.86	M	UPenn	98	64	1	Deceased	n/a	n/a	n/a	n/a	3
UPENN-GBM-00130	baseline	52.5	M	UPenn	0	831	1	Deceased	wildtype	n/a	n/a	True	n/a
UPENN-GBM-00130	followup	53.71	M	UPenn	444	384	1	Deceased	wildtype	methylated	n/a	n/a	5
UPENN-GBM-00131	baseline	76.3	M	UPenn	0	852	1	Deceased	wildtype	methylated	n/a	True	n/a
UPENN-GBM-00132	baseline	48.02	M	UPenn	0	922	1	Deceased	wildtype	unmethylated	n/a	True	n/a
UPENN-GBM-00133	baseline	73.2	M	UPenn	0	744	1	Deceased	wildtype	unmethylated	n/a	True	n/a
UPENN-GBM-00133	followup	73.72	M	UPenn	190	537	1	Deceased	wildtype	n/a	n/a	n/a	5
UPENN-GBM-00134	baseline	45.03	M	UPenn	0	494	1	Deceased	wildtype	unmethylated	90	True	n/a
UPENN-GBM-00134	followup	45.34	M	UPenn	112	374	1	Deceased	wildtype	unmethylated	n/a	n/a	5
UPENN-GBM-00135	baseline	55.59	M	UPenn	0	879	1	Deceased	wildtype	methylated	n/a	False	n/a
UPENN-GBM-00136	baseline	64.65	M	UPenn	0	211	1	Deceased	wildtype	unmethylated	n/a	False	n/a
UPENN-GBM-00137	baseline	47.47	M	UPenn	0	320	1	Deceased	wildtype	n/a	n/a	False	n/a
UPENN-GBM-00138	baseline	60.66	F	UPenn	0	1527	1	Deceased	wildtype	methylated	n/a	False	n/a
UPENN-GBM-00139	baseline	58.52	M	UPenn	0	208	1	Deceased	wildtype	unmethylated	n/a	False	n/a
UPENN-GBM-00140	baseline	47.22	M	UPenn	0	664	1	Deceased	wildtype	unmethylated	n/a	True	n/a
UPENN-GBM-00140	followup	48.37	M	UPenn	420	234	1	Deceased	wildtype	unmethylated	n/a	n/a	5
UPENN-GBM-00141	baseline	78.41	M	UPenn	0	528	1	Deceased	wildtype	unmethylated	n/a	False	n/a
UPENN-GBM-00141	followup	78.95	M	UPenn	196	321	1	Deceased	wildtype	n/a	n/a	n/a	4
UPENN-GBM-00142	baseline	67.68	M	UPenn	0	142	0	Deceased - uncertain date of death	wildtype	n/a	n/a	False	n/a
UPENN-GBM-00143	baseline	40.04	M	UPenn	0	411	1	Deceased	wildtype	unmethylated	n/a	True	n/a
UPENN-GBM-00144	baseline	53.07	F	UPenn	0	270	1	Deceased	wildtype	unmethylated	n/a	True	n/a
UPENN-GBM-00145	baseline	65.81	F	UPenn	0	351	1	Deceased	wildtype	unmethylated	n/a	True	n/a
UPENN-GBM-00145	followup	66.53	F	UPenn	263	85	1	Deceased	wildtype	n/a	n/a	n/a	3
UPENN-GBM-00146	baseline	48.74	M	UPenn	0	1178	1	Deceased	wildtype	unmethylated	90	True	n/a
UPENN-GBM-00147	baseline	82.41	F	UPenn	0	80	1	Deceased	wildtype	unmethylated	n/a	False	n/a
UPENN-GBM-00148	baseline	55.51	M	UPenn	0	604	1	Deceased	wildtype	unmethylated	n/a	True	n/a
UPENN-GBM-00148	followup	56.31	M	UPenn	295	299	1	Deceased	wildtype	unmethylated	n/a	n/a	1
UPENN-GBM-00149	baseline	69.3	F	UPenn	0	233	1	Deceased	wildtype	unmethylated	n/a	False	n/a
UPENN-GBM-00150	baseline	55.95	F	UPenn	0	733	1	Deceased	wildtype	unmethylated	90	True	n/a
UPENN-GBM-00150	followup	56.4	F	UPenn	165	551	1	Deceased	wildtype	unmethylated	n/a	n/a	5
UPENN-GBM-00151	baseline	67.43	M	UPenn	0	618	1	Deceased	wildtype	unmethylated	n/a	True	n/a
UPENN-GBM-00152	baseline	57.4	F	UPenn	0	742	1	Deceased	n/a	n/a	n/a	True	n/a
UPENN-GBM-00153	baseline	59.91	M	UPenn	0	234	1	Deceased	n/a	n/a	n/a	n/a	n/a
UPENN-GBM-00154	baseline	72.11	F	UPenn	0	209	1	Deceased	wildtype	n/a	n/a	True	n/a
UPENN-GBM-00155	baseline	69.13	F	UPenn	0	503	1	Deceased	n/a	n/a	n/a	False	n/a
UPENN-GBM-00156	baseline	70.14	F	UPenn	0	359	1	Deceased	wildtype	n/a	n/a	True	n/a
UPENN-GBM-00157	baseline	61.39	F	UPenn	0	235	1	Deceased	n/a	n/a	n/a	False	n/a
UPENN-GBM-00158	baseline	69.68	M	UPenn	0	152	1	Deceased	n/a	n/a	n/a	True	n/a
UPENN-GBM-00159	baseline	63.88	M	UPenn	0	264	1	Deceased	n/a	n/a	n/a	n/a	n/a
UPENN-GBM-00160	baseline	58.84	F	UPenn	0	790	1	Deceased	n/a	n/a	n/a	True	n/a
UPENN-GBM-00160	followup	61.0	F	UPenn	788	3	1	Deceased	n/a	n/a	n/a	n/a	6
UPENN-GBM-00161	baseline	59.81	F	UPenn	0	80	1	Deceased	n/a	n/a	n/a	True	n/a
UPENN-GBM-00162	baseline	73.49	F	UPenn	0	557	1	Deceased	n/a	n/a	n/a	True	n/a
UPENN-GBM-00163	baseline	63.78	F	UPenn	0	2951	1	Deceased	wildtype	n/a	n/a	False	n/a
UPENN-GBM-00164	baseline	46.79	F	UPenn	0	1193	1	Deceased	wildtype	n/a	n/a	False	n/a
UPENN-GBM-00165	baseline	66.64	M	UPenn	0	44	1	Deceased	wildtype	n/a	n/a	False	n/a
UPENN-GBM-00166	baseline	52.31	F	UPenn	0	388	1	Deceased	wildtype	n/a	n/a	True	n/a
UPENN-GBM-00167	baseline	65.36	M	UPenn	0	94	1	Deceased	n/a	n/a	n/a	True	n/a
UPENN-GBM-00168	baseline	76.99	M	UPenn	0	93	1	Deceased	n/a	n/a	n/a	False	n/a
UPENN-GBM-00169	baseline	72.09	F	UPenn	0	23	1	Deceased	n/a	n/a	n/a	True	n/a
UPENN-GBM-00170	baseline	51.79	M	UPenn	0	505	1	Deceased	wildtype	n/a	n/a	False	n/a
UPENN-GBM-00171	baseline	68.93	M	UPenn	0	846	1	Deceased	wildtype	n/a	n/a	True	n/a
UPENN-GBM-00172	baseline	63.02	M	UPenn	0	457	1	Deceased	wildtype	n/a	n/a	True	n/a
UPENN-GBM-00173	baseline	75.76	M	UPenn	0	233	1	Deceased	wildtype	n/a	n/a	True	n/a
UPENN-GBM-00174	baseline	37.3	M	UPenn	0	1615	1	Deceased	n/a	n/a	n/a	n/a	n/a
UPENN-GBM-00175	baseline	80.06	M	UPenn	0	98	1	Deceased	n/a	n/a	n/a	True	n/a
UPENN-GBM-00176	baseline	80.45	F	UPenn	0	56	1	Deceased	n/a	n/a	n/a	True	n/a
UPENN-GBM-00177	baseline	67.52	F	UPenn	0	154	1	Deceased	wildtype	n/a	n/a	True	n/a
UPENN-GBM-00178	baseline	86.87	F	UPenn	0	276	1	Deceased	wildtype	n/a	n/a	True	n/a
UPENN-GBM-00179	baseline	43.42	M	UPenn	0	988	1	Deceased	n/a	n/a	n/a	True	n/a
UPENN-GBM-00180	baseline	60.99	F	UPenn	0	146	1	Deceased	wildtype	n/a	n/a	True	n/a
UPENN-GBM-00181	baseline	54.49	M	UPenn	0	578	1	Deceased	n/a	n/a	n/a	True	n/a
UPENN-GBM-00182	baseline	75.93	M	UPenn	0	15	1	Deceased	n/a	n/a	n/a	True	n/a
UPENN-GBM-00183	baseline	55.87	F	UPenn	0	1829	1	Deceased	wildtype	n/a	n/a	True	n/a
UPENN-GBM-00183	followup	57.64	F	UPenn	648	1168	1	Deceased	wildtype	methylated	n/a	n/a	6
UPENN-GBM-00184	baseline	85.46	M	UPenn	0	60	1	Deceased	n/a	n/a	n/a	True	n/a
UPENN-GBM-00185	baseline	88.5	F	UPenn	0	200	1	Deceased	wildtype	n/a	n/a	True	n/a
UPENN-GBM-00186	baseline	55.35	F	UPenn	0	642	1	Deceased	wildtype	n/a	n/a	True	n/a
UPENN-GBM-00187	baseline	55.09	F	UPenn	0	1346	1	Deceased	wildtype	n/a	n/a	True	n/a
UPENN-GBM-00188	baseline	44.46	M	UPenn	0	4049	0	Lost to Follow-up	n/a	n/a	n/a	True	n/a
UPENN-GBM-00189	baseline	69.46	F	UPenn	0	382	1	Deceased	n/a	n/a	n/a	True	n/a
UPENN-GBM-00190	baseline	56.66	M	UPenn	0	136	1	Deceased	wildtype	n/a	n/a	True	n/a
UPENN-GBM-00191	baseline	57.63	F	UPenn	0	51	1	Deceased	n/a	n/a	n/a	True	n/a
UPENN-GBM-00192	baseline	61.66	M	UPenn	0	1356	1	Deceased	n/a	n/a	n/a	n/a	n/a
UPENN-GBM-00193	baseline	71.23	F	UPenn	0	12	1	Deceased	wildtype	n/a	n/a	False	n/a
UPENN-GBM-00194	baseline	59.3	F	UPenn	0	250	1	Deceased	n/a	n/a	n/a	True	n/a
UPENN-GBM-00195	baseline	79.51	M	UPenn	0	168	1	Deceased	n/a	n/a	n/a	True	n/a
UPENN-GBM-00196	baseline	86.21	F	UPenn	0	21	1	Deceased	n/a	n/a	n/a	True	n/a
UPENN-GBM-00197	baseline	50.03	M	UPenn	0	1227	1	Deceased	wildtype	methylated	n/a	True	n/a
UPENN-GBM-00197	followup	52.79	M	UPenn	1010	215	1	Deceased	wildtype	methylated	n/a	n/a	6
UPENN-GBM-00198	baseline	52.61	M	UPenn	0	1008	1	Deceased	wildtype	n/a	n/a	True	n/a
UPENN-GBM-00199	baseline	43.97	F	UPenn	0	591	1	Deceased	n/a	n/a	n/a	n/a	n/a
UPENN-GBM-00200	baseline	82.36	M	UPenn	0	122	1	Deceased	n/a	n/a	n/a	True	n/a
UPENN-GBM-00201	baseline	52.84	M	UPenn	0	182	1	Deceased	wildtype	n/a	n/a	True	n/a
UPENN-GBM-00202	baseline	79.27	M	UPenn	0	346	1	Deceased	n/a	n/a	n/a	True	n/a
UPENN-GBM-00203	baseline	59.44	M	UPenn	0	122	1	Deceased	n/a	n/a	n/a	True	n/a
UPENN-GBM-00204	baseline	54.24	M	UPenn	0	374	1	Deceased	wildtype	n/a	n/a	True	n/a
UPENN-GBM-00205	baseline	83.59	F	UPenn	0	277	1	Deceased	n/a	n/a	n/a	True	n/a
UPENN-GBM-00206	baseline	64.24	F	UPenn	0	586	1	Deceased	wildtype	n/a	n/a	True	n/a
UPENN-GBM-00207	baseline	61.71	F	UPenn	0	301	1	Deceased	wildtype	n/a	n/a	True	n/a
UPENN-GBM-00208	baseline	45.87	M	UPenn	0	622	1	Deceased	wildtype	n/a	n/a	True	n/a
UPENN-GBM-00209	baseline	68.42	F	UPenn	0	1420	1	Deceased	wildtype	n/a	n/a	False	n/a
UPENN-GBM-00210	baseline	53.95	M	UPenn	0	3	1	Deceased	wildtype	n/a	n/a	True	n/a
UPENN-GBM-00211	baseline	73.03	M	UPenn	0	2307	1	Deceased	wildtype	n/a	n/a	True	n/a
UPENN-GBM-00212	baseline	85.74	M	UPenn	0	485	1	Deceased	wildtype	n/a	n/a	True	n/a
UPENN-GBM-00213	baseline	76.37	M	UPenn	0	73	1	Deceased	n/a	n/a	n/a	True	n/a
UPENN-GBM-00214	baseline	74.52	M	UPenn	0	505	1	Deceased	n/a	n/a	n/a	True	n/a
UPENN-GBM-00215	baseline	65.07	M	UPenn	0	155	1	Deceased	n/a	n/a	n/a	True	n/a
UPENN-GBM-00216	baseline	59.29	F	UPenn	0	167	1	Deceased	n/a	n/a	n/a	True	n/a
UPENN-GBM-00217	baseline	73.29	M	UPenn	0	393	1	Deceased	n/a	n/a	n/a	True	n/a
UPENN-GBM-00218	baseline	77.97	F	UPenn	0	151	1	Deceased	wildtype	n/a	n/a	True	n/a
UPENN-GBM-00219	baseline	67.31	M	UPenn	0	453	1	Deceased	wildtype	n/a	n/a	True	n/a
UPENN-GBM-00219	followup	68.28	M	UPenn	355	98	1	Deceased	wildtype	n/a	n/a	n/a	6
UPENN-GBM-00220	baseline	62.99	F	UPenn	0	925	1	Deceased	n/a	n/a	n/a	n/a	n/a
UPENN-GBM-00221	baseline	76.69	F	UPenn	0	583	1	Deceased	wildtype	n/a	n/a	True	n/a
UPENN-GBM-00222	baseline	72.67	F	UPenn	0	110	1	Deceased	n/a	n/a	n/a	True	n/a
UPENN-GBM-00223	baseline	69.33	F	UPenn	0	230	1	Deceased	n/a	n/a	n/a	True	n/a
UPENN-GBM-00224	baseline	49.31	F	UPenn	0	438	1	Deceased	wildtype	n/a	n/a	True	n/a
UPENN-GBM-00225	baseline	83.54	M	UPenn	0	16	1	Deceased	n/a	n/a	n/a	True	n/a
UPENN-GBM-00226	baseline	56.3	M	UPenn	0	182	1	Deceased	wildtype	n/a	n/a	True	n/a
UPENN-GBM-00227	baseline	53.5	F	UPenn	0	138	1	Deceased	wildtype	n/a	n/a	True	n/a
UPENN-GBM-00228	baseline	47.2	M	UPenn	0	379	1	Deceased	wildtype	n/a	n/a	True	n/a
UPENN-GBM-00229	baseline	43.46	M	UPenn	0	6109	1	Deceased	mutated	n/a	n/a	n/a	n/a
UPENN-GBM-00230	baseline	72.28	F	UPenn	0	78	1	Deceased	wildtype	n/a	n/a	True	n/a
UPENN-GBM-00231	baseline	67.83	M	UPenn	0	370	1	Deceased	wildtype	n/a	n/a	True	n/a
UPENN-GBM-00232	baseline	75.64	F	UPenn	0	187	1	Deceased	wildtype	n/a	n/a	False	n/a
UPENN-GBM-00233	baseline	63.82	F	UPenn	0	1039	1	Deceased	wildtype	n/a	n/a	True	n/a
UPENN-GBM-00234	baseline	62.82	M	UPenn	0	370	1	Deceased	wildtype	n/a	n/a	False	n/a
UPENN-GBM-00235	baseline	80.6	F	UPenn	0	253	1	Deceased	wildtype	n/a	n/a	False	n/a
UPENN-GBM-00236	baseline	76.22	F	UPenn	0	480	1	Deceased	wildtype	n/a	n/a	False	n/a
UPENN-GBM-00237	baseline	63.62	M	UPenn	0	200	1	Deceased	wildtype	n/a	n/a	False	n/a
UPENN-GBM-00238	baseline	65.89	F	UPenn	0	1148	1	Deceased	wildtype	n/a	n/a	True	n/a
UPENN-GBM-00239	baseline	80.89	F	UPenn	0	159	1	Deceased	wildtype	n/a	n/a	False	n/a
UPENN-GBM-00240	baseline	85.88	M	UPenn	0	78	1	Deceased	wildtype	methylated	n/a	True	n/a
UPENN-GBM-00241	baseline	71.43	F	UPenn	0	325	1	Deceased	wildtype	n/a	n/a	True	n/a
UPENN-GBM-00242	baseline	55.7	F	UPenn	0	276	1	Deceased	wildtype	n/a	90	False	n/a
UPENN-GBM-00243	baseline	66.43	F	UPenn	0	419	1	Deceased	wildtype	n/a	80	True	n/a
UPENN-GBM-00244	baseline	59.75	M	UPenn	0	420	1	Deceased	wildtype	unmethylated	n/a	False	n/a
UPENN-GBM-00245	baseline	63.42	F	UPenn	0	533	1	Deceased	wildtype	n/a	n/a	True	n/a
UPENN-GBM-00246	baseline	75.06	M	UPenn	0	51	1	Deceased	wildtype	unmethylated	80	False	n/a
UPENN-GBM-00247	baseline	63.91	F	UPenn	0	201	1	Deceased	wildtype	n/a	80	False	n/a
UPENN-GBM-00248	baseline	45.71	F	UPenn	0	6160	0	Alive	wildtype	n/a	n/a	True	n/a
UPENN-GBM-00249	baseline	28.2	F	UPenn	0	1791	1	Deceased	mutated	n/a	n/a	True	n/a
UPENN-GBM-00250	baseline	59.79	F	UPenn	0	460	1	Deceased	wildtype	n/a	n/a	True	n/a
UPENN-GBM-00251	baseline	75.67	F	UPenn	0	167	1	Deceased	wildtype	n/a	n/a	n/a	n/a
UPENN-GBM-00252	baseline	67.86	F	UPenn	0	443	1	Deceased	n/a	n/a	n/a	False	n/a
UPENN-GBM-00253	baseline	86.95	F	UPenn	0	349	1	Deceased	n/a	n/a	n/a	True	n/a
UPENN-GBM-00254	baseline	57.08	M	UPenn	0	400	1	Deceased	wildtype	n/a	n/a	n/a	n/a
UPENN-GBM-00255	baseline	64.86	F	UPenn	0	80	1	Deceased	n/a	n/a	n/a	False	n/a
UPENN-GBM-00256	baseline	67.2	F	UPenn	0	115	1	Deceased	n/a	n/a	n/a	False	n/a
UPENN-GBM-00257	baseline	51.04	M	UPenn	0	136	1	Deceased	wildtype	n/a	n/a	True	n/a
UPENN-GBM-00258	baseline	50.71	M	UPenn	0	5977	0	Alive	n/a	n/a	n/a	True	n/a
UPENN-GBM-00259	baseline	80.31	F	UPenn	0	193	1	Deceased	wildtype	n/a	n/a	True	n/a
UPENN-GBM-00260	baseline	86.64	F	UPenn	0	106	1	Deceased	wildtype	methylated	90	False	n/a
UPENN-GBM-00261	baseline	75.88	M	UPenn	0	48	1	Deceased	wildtype	n/a	n/a	True	n/a
UPENN-GBM-00262	baseline	70.75	M	UPenn	0	580	1	Deceased	wildtype	unmethylated	n/a	True	n/a
UPENN-GBM-00263	baseline	66.23	M	UPenn	0	796	1	Deceased	wildtype	methylated	n/a	True	n/a
UPENN-GBM-00264	baseline	61.82	F	UPenn	0	1145	1	Deceased	wildtype	methylated	90	False	n/a
UPENN-GBM-00265	baseline	53.08	M	UPenn	0	1062	1	Deceased	wildtype	n/a	n/a	True	n/a
UPENN-GBM-00266	baseline	66.84	F	UPenn	0	390	1	Deceased	wildtype	n/a	n/a	False	n/a
UPENN-GBM-00267	baseline	55.13	F	UPenn	0	537	1	Deceased	wildtype	unmethylated	n/a	True	n/a
UPENN-GBM-00267	followup	55.61	F	UPenn	176	351	1	Deceased	wildtype	unmethylated	n/a	n/a	2
UPENN-GBM-00268	baseline	82.8	F	UPenn	0	20	1	Deceased	wildtype	n/a	n/a	False	n/a
UPENN-GBM-00269	baseline	56.21	M	UPenn	0	3743	0	Alive	wildtype	methylated	n/a	True	n/a
UPENN-GBM-00270	baseline	64.67	F	UPenn	0	58	1	Deceased	wildtype	n/a	n/a	True	n/a
UPENN-GBM-00271	baseline	53.83	M	UPenn	0	473	1	Deceased	n/a	n/a	n/a	True	n/a
UPENN-GBM-00272	baseline	50.57	M	UPenn	0	739	1	Deceased	n/a	n/a	n/a	n/a	n/a
UPENN-GBM-00273	baseline	76.8	M	UPenn	0	598	1	Deceased	n/a	n/a	n/a	n/a	n/a
UPENN-GBM-00274	baseline	41.2	M	UPenn	0	1021	1	Deceased	wildtype	n/a	n/a	True	n/a
UPENN-GBM-00275	baseline	46.9	M	UPenn	0	454	1	Deceased	wildtype	n/a	n/a	True	n/a
UPENN-GBM-00276	baseline	18.65	M	UPenn	0	4491	0	Lost to Follow-up	n/a	n/a	n/a	True	n/a
UPENN-GBM-00277	baseline	55.68	M	UPenn	0	403	1	Deceased	wildtype	n/a	n/a	True	n/a
UPENN-GBM-00278	baseline	63.42	F	UPenn	0	437	1	Deceased	wildtype	n/a	n/a	False	n/a
UPENN-GBM-00279	baseline	68.34	M	UPenn	0	655	1	Deceased	wildtype	n/a	n/a	True	n/a
UPENN-GBM-00280	baseline	57.12	M	UPenn	0	538	1	Deceased	wildtype	n/a	n/a	True	n/a
UPENN-GBM-00280	followup	58.41	M	UPenn	472	64	1	Deceased	n/a	n/a	n/a	n/a	2
UPENN-GBM-00281	baseline	69.39	F	UPenn	0	550	1	Deceased	wildtype	n/a	n/a	True	n/a
UPENN-GBM-00282	baseline	68.54	M	UPenn	0	363	1	Deceased	wildtype	unmethylated	n/a	False	n/a
UPENN-GBM-00283	baseline	81.0	M	UPenn	0	352	1	Deceased	n/a	n/a	n/a	True	n/a
UPENN-GBM-00284	baseline	82.87	F	UPenn	0	77	1	Deceased	wildtype	n/a	60	False	n/a
UPENN-GBM-00285	baseline	59.98	F	UPenn	0	427	1	Deceased	wildtype	n/a	n/a	False	n/a
UPENN-GBM-00285	followup	60.26	F	UPenn	103	326	1	Deceased	n/a	n/a	n/a	n/a	6
UPENN-GBM-00286	baseline	81.78	M	UPenn	0	429	1	Deceased	wildtype	n/a	n/a	False	n/a
UPENN-GBM-00287	baseline	50.93	M	UPenn	0	781	1	Deceased	mutated	methylated	n/a	True	n/a
UPENN-GBM-00288	baseline	79.63	M	UPenn	0	31	1	Deceased	wildtype	n/a	n/a	False	n/a
UPENN-GBM-00289	baseline	28.83	F	UPenn	0	445	1	Deceased	mutated	n/a	n/a	True	n/a
UPENN-GBM-00290	baseline	82.36	F	UPenn	0	409	1	Deceased	wildtype	unmethylated	90	True	n/a
UPENN-GBM-00291	baseline	58.61	M	UPenn	0	530	1	Deceased	wildtype	n/a	n/a	False	n/a
UPENN-GBM-00292	baseline	83.48	M	UPenn	0	29	1	Deceased	n/a	n/a	n/a	False	n/a
UPENN-GBM-00293	baseline	60.4	M	UPenn	0	127	1	Deceased	n/a	n/a	n/a	False	n/a
UPENN-GBM-00294	baseline	60.37	F	UPenn	0	112	1	Deceased	wildtype	unmethylated	n/a	False	n/a
UPENN-GBM-00295	baseline	65.19	M	UPenn	0	696	1	Deceased	wildtype	n/a	n/a	True	n/a
UPENN-GBM-00295	followup	65.67	M	UPenn	178	463	1	Deceased	wildtype	n/a	n/a	n/a	5
UPENN-GBM-00296	baseline	72.15	M	UPenn	0	326	1	Deceased	wildtype	n/a	n/a	False	n/a
UPENN-GBM-00297	baseline	49.03	M	UPenn	0	466	1	Deceased	n/a	n/a	n/a	False	n/a
UPENN-GBM-00298	baseline	71.07	M	UPenn	0	186	1	Deceased	n/a	n/a	n/a	False	n/a
UPENN-GBM-00299	baseline	43.9	M	UPenn	0	148	1	Deceased	n/a	n/a	n/a	True	n/a
UPENN-GBM-00300	baseline	82.88	F	UPenn	0	141	0	Deceased - uncertain date of death	wildtype	n/a	n/a	False	n/a
UPENN-GBM-00301	baseline	58.18	M	UPenn	0	653	1	Deceased	wildtype	unmethylated	n/a	True	n/a
UPENN-GBM-00301	followup	59.2	M	UPenn	370	282	1	Deceased	wildtype	n/a	n/a	n/a	6
UPENN-GBM-00302	baseline	59.99	M	UPenn	0	1451	1	Deceased	wildtype	methylated	n/a	True	n/a
UPENN-GBM-00302	followup	61.79	M	UPenn	657	790	1	Deceased	wildtype	n/a	n/a	n/a	1
UPENN-GBM-00303	baseline	78.58	F	UPenn	0	658	1	Deceased	wildtype	n/a	n/a	True	n/a
UPENN-GBM-00304	baseline	71.06	M	UPenn	0	428	1	Deceased	wildtype	unmethylated	n/a	False	n/a
UPENN-GBM-00305	baseline	76.88	M	UPenn	0	92	1	Deceased	n/a	n/a	n/a	False	n/a
UPENN-GBM-00306	baseline	51.81	M	UPenn	0	165	1	Deceased	wildtype	n/a	n/a	n/a	n/a
UPENN-GBM-00307	baseline	57.03	F	UPenn	0	412	1	Deceased	wildtype	n/a	n/a	False	n/a
UPENN-GBM-00307	followup	57.28	F	UPenn	91	330	1	Deceased	n/a	n/a	n/a	n/a	4
UPENN-GBM-00308	baseline	65.76	M	UPenn	0	205	1	Deceased	wildtype	n/a	90	True	n/a
UPENN-GBM-00309	baseline	39.19	M	UPenn	0	1034	1	Deceased	n/a	n/a	n/a	n/a	n/a
UPENN-GBM-00310	baseline	75.43	F	UPenn	0	75	1	Deceased	wildtype	methylated	n/a	True	n/a
UPENN-GBM-00311	baseline	73.14	F	UPenn	0	489	1	Deceased	wildtype	n/a	n/a	True	n/a
UPENN-GBM-00312	baseline	57.99	M	UPenn	0	334	1	Deceased	wildtype	unmethylated	n/a	True	n/a
UPENN-GBM-00312	followup	58.72	M	UPenn	266	40	1	Deceased	wildtype	unmethylated	n/a	n/a	1
UPENN-GBM-00313	baseline	76.94	M	UPenn	0	1723	1	Deceased	n/a	n/a	n/a	False	n/a
UPENN-GBM-00314	baseline	56.39	M	UPenn	0	1535	1	Deceased	wildtype	n/a	n/a	True	n/a
UPENN-GBM-00314	followup	58.88	M	UPenn	912	614	1	Deceased	wildtype	unmethylated	n/a	n/a	3
UPENN-GBM-00315	baseline	70.72	F	UPenn	0	1043	1	Deceased	n/a	n/a	n/a	True	n/a
UPENN-GBM-00316	baseline	61.42	M	UPenn	0	98	1	Deceased	wildtype	unmethylated	n/a	False	n/a
UPENN-GBM-00317	baseline	84.31	M	UPenn	0	1130	1	Deceased	wildtype	n/a	n/a	True	n/a
UPENN-GBM-00318	baseline	52.52	M	UPenn	0	494	1	Deceased	n/a	n/a	n/a	True	n/a
UPENN-GBM-00319	baseline	42.88	M	UPenn	0	710	1	Deceased	mutated	n/a	n/a	True	n/a
UPENN-GBM-00320	baseline	45.62	F	UPenn	0	683	1	Deceased	wildtype	n/a	n/a	True	n/a
UPENN-GBM-00320	followup	46.17	F	UPenn	202	476	1	Deceased	wildtype	n/a	n/a	n/a	3
UPENN-GBM-00321	baseline	85.46	F	UPenn	0	79	1	Deceased	wildtype	n/a	30	False	n/a
UPENN-GBM-00322	baseline	33.29	F	UPenn	0	170	1	Deceased	wildtype	n/a	n/a	True	n/a
UPENN-GBM-00323	baseline	65.26	M	UPenn	0	121	1	Deceased	wildtype	n/a	n/a	False	n/a
UPENN-GBM-00324	baseline	73.33	M	UPenn	0	185	1	Deceased	wildtype	n/a	n/a	False	n/a
UPENN-GBM-00325	baseline	65.84	F	UPenn	0	368	1	Deceased	wildtype	n/a	n/a	False	n/a
UPENN-GBM-00326	baseline	63.31	M	UPenn	0	125	1	Deceased	n/a	n/a	n/a	n/a	n/a
UPENN-GBM-00327	baseline	82.16	F	UPenn	0	341	1	Deceased	wildtype	n/a	n/a	True	n/a
UPENN-GBM-00328	baseline	57.72	M	UPenn	0	370	1	Deceased	wildtype	n/a	n/a	True	n/a
UPENN-GBM-00329	baseline	75.2	F	UPenn	0	304	1	Deceased	wildtype	n/a	80	False	n/a
UPENN-GBM-00330	baseline	86.59	M	UPenn	0	74	1	Deceased	wildtype	n/a	n/a	True	n/a
UPENN-GBM-00331	baseline	63.02	F	UPenn	0	748	1	Deceased	wildtype	n/a	n/a	True	n/a
UPENN-GBM-00332	baseline	59.47	F	UPenn	0	558	1	Deceased	wildtype	n/a	80	True	n/a
UPENN-GBM-00332	followup	60.7	F	UPenn	450	103	1	Deceased	wildtype	n/a	n/a	n/a	4
UPENN-GBM-00333	baseline	59.2	F	UPenn	0	111	1	Deceased	n/a	n/a	n/a	True	n/a
UPENN-GBM-00334	baseline	73.05	F	UPenn	0	159	1	Deceased	wildtype	n/a	n/a	n/a	n/a
UPENN-GBM-00335	baseline	70.83	M	UPenn	0	282	1	Deceased	wildtype	n/a	n/a	False	n/a
UPENN-GBM-00336	baseline	83.63	F	UPenn	0	13	1	Deceased	wildtype	unmethylated	70	True	n/a
UPENN-GBM-00337	baseline	62.34	M	UPenn	0	385	1	Deceased	wildtype	n/a	n/a	True	n/a
UPENN-GBM-00338	baseline	77.86	M	UPenn	0	1483	1	Deceased	wildtype	n/a	n/a	True	n/a
UPENN-GBM-00339	baseline	71.01	M	UPenn	0	2068	1	Deceased	wildtype	n/a	n/a	True	n/a
UPENN-GBM-00340	baseline	70.82	F	UPenn	0	325	1	Deceased	wildtype	n/a	n/a	False	n/a
UPENN-GBM-00341	baseline	75.38	M	UPenn	0	355	1	Deceased	wildtype	n/a	n/a	False	n/a
UPENN-GBM-00342	baseline	59.62	F	UPenn	0	60	1	Deceased	wildtype	n/a	n/a	False	n/a
UPENN-GBM-00343	baseline	72.66	F	UPenn	0	112	1	Deceased	wildtype	n/a	n/a	True	n/a
UPENN-GBM-00344	baseline	70.57	M	UPenn	0	684	1	Deceased	wildtype	methylated	n/a	True	n/a
UPENN-GBM-00344	followup	71.96	M	UPenn	505	173	1	Deceased	wildtype	methylated	n/a	n/a	5
UPENN-GBM-00345	baseline	58.81	M	UPenn	0	78	1	Deceased	wildtype	n/a	n/a	False	n/a
UPENN-GBM-00346	baseline	67.23	M	UPenn	0	334	1	Deceased	wildtype	n/a	n/a	True	n/a
UPENN-GBM-00347	baseline	68.99	M	UPenn	0	182	1	Deceased	wildtype	n/a	n/a	False	n/a
UPENN-GBM-00348	baseline	80.2	M	UPenn	0	104	1	Deceased	wildtype	n/a	n/a	True	n/a
UPENN-GBM-00349	baseline	56.82	M	UPenn	0	149	1	Deceased	wildtype	n/a	80	False	n/a
UPENN-GBM-00350	baseline	64.78	M	UPenn	0	622	1	Deceased	wildtype	methylated	80	n/a	n/a
UPENN-GBM-00351	baseline	62.48	F	UPenn	0	2297	1	Deceased	wildtype	methylated	n/a	True	n/a
UPENN-GBM-00352	baseline	42.61	M	UPenn	0	617	1	Deceased	wildtype	unmethylated	90	True	n/a
UPENN-GBM-00352	followup	42.86	M	UPenn	91	519	1	Deceased	wildtype	methylated	n/a	n/a	4
UPENN-GBM-00353	baseline	61.3	M	UPenn	0	181	1	Deceased	wildtype	n/a	n/a	True	n/a
UPENN-GBM-00353	followup	61.62	M	UPenn	120	56	1	Deceased	wildtype	n/a	n/a	n/a	3
UPENN-GBM-00354	baseline	73.4	M	UPenn	0	351	1	Deceased	wildtype	unmethylated	n/a	True	n/a
UPENN-GBM-00354	followup	74.28	M	UPenn	323	28	1	Deceased	wildtype	n/a	n/a	n/a	4
UPENN-GBM-00355	baseline	66.0	M	UPenn	0	252	1	Deceased	wildtype	n/a	n/a	False	n/a
UPENN-GBM-00355	followup	66.6	M	UPenn	221	28	1	Deceased	wildtype	unmethylated	n/a	n/a	3
UPENN-GBM-00356	baseline	71.63	M	UPenn	0	996	1	Deceased	wildtype	methylated	100	False	n/a
UPENN-GBM-00357	baseline	88.0	F	UPenn	0	124	1	Deceased	wildtype	n/a	n/a	False	n/a
UPENN-GBM-00358	baseline	83.46	M	UPenn	0	87	1	Deceased	wildtype	methylated	n/a	False	n/a
UPENN-GBM-00359	baseline	78.89	F	UPenn	0	93	1	Deceased	wildtype	methylated	n/a	False	n/a
UPENN-GBM-00360	baseline	57.19	M	UPenn	0	613	1	Deceased	wildtype	methylated	n/a	True	n/a
UPENN-GBM-00361	baseline	63.87	F	UPenn	0	106	1	Deceased	wildtype	n/a	n/a	False	n/a
UPENN-GBM-00362	baseline	78.09	F	UPenn	0	142	1	Deceased	wildtype	unmethylated	n/a	True	n/a
UPENN-GBM-00363	baseline	65.4	M	UPenn	0	404	1	Deceased	wildtype	methylated	90	True	n/a
UPENN-GBM-00364	baseline	62.63	F	UPenn	0	383	1	Deceased	wildtype	n/a	n/a	True	n/a
UPENN-GBM-00365	baseline	33.11	M	UPenn	0	3226	0	Alive	mutated	n/a	n/a	True	n/a
UPENN-GBM-00366	baseline	71.41	F	UPenn	0	213	1	Deceased	wildtype	n/a	n/a	n/a	n/a
UPENN-GBM-00367	baseline	50.86	M	UPenn	0	538	1	Deceased	wildtype	unmethylated	n/a	True	n/a
UPENN-GBM-00368	baseline	65.34	M	UPenn	0	416	1	Deceased	wildtype	unmethylated	90	True	n/a
UPENN-GBM-00369	baseline	51.75	F	UPenn	0	360	1	Deceased	wildtype	unmethylated	90	False	n/a
UPENN-GBM-00370	baseline	68.38	M	UPenn	0	443	1	Deceased	wildtype	unmethylated	n/a	False	n/a
UPENN-GBM-00371	baseline	73.62	M	UPenn	0	240	1	Deceased	wildtype	methylated	n/a	False	n/a
UPENN-GBM-00372	baseline	62.16	F	UPenn	0	133	1	Deceased	wildtype	n/a	n/a	False	n/a
UPENN-GBM-00373	baseline	45.54	F	UPenn	0	524	1	Deceased	wildtype	unmethylated	n/a	True	n/a
UPENN-GBM-00374	baseline	66.65	F	UPenn	0	376	1	Deceased	wildtype	n/a	60	False	n/a
UPENN-GBM-00375	baseline	54.44	F	UPenn	0	319	1	Deceased	wildtype	unmethylated	n/a	False	n/a
UPENN-GBM-00376	baseline	63.59	M	UPenn	0	730	1	Deceased	wildtype	unmethylated	n/a	True	n/a
UPENN-GBM-00377	baseline	83.01	F	UPenn	0	589	1	Deceased	wildtype	methylated	n/a	False	n/a
UPENN-GBM-00378	baseline	59.92	M	UPenn	0	451	1	Deceased	wildtype	methylated	n/a	False	n/a
UPENN-GBM-00379	baseline	59.66	M	UPenn	0	114	1	Deceased	wildtype	unmethylated	n/a	False	n/a
UPENN-GBM-00380	baseline	56.37	M	UPenn	0	516	1	Deceased	wildtype	methylated	n/a	True	n/a
UPENN-GBM-00381	baseline	65.53	M	UPenn	0	63	1	Deceased	wildtype	methylated	n/a	False	n/a
UPENN-GBM-00382	baseline	67.73	F	UPenn	0	14	1	Deceased	wildtype	n/a	n/a	True	n/a
UPENN-GBM-00383	baseline	56.96	M	UPenn	0	498	1	Deceased	wildtype	n/a	n/a	True	n/a
UPENN-GBM-00384	baseline	63.2	M	UPenn	0	373	1	Deceased	wildtype	unmethylated	90	True	n/a
UPENN-GBM-00385	baseline	57.26	M	UPenn	0	21	1	Deceased	wildtype	unmethylated	n/a	True	n/a
UPENN-GBM-00386	baseline	69.7	F	UPenn	0	216	1	Deceased	wildtype	n/a	n/a	True	n/a
UPENN-GBM-00387	baseline	51.81	M	UPenn	0	455	1	Deceased	wildtype	unmethylated	90	True	n/a
UPENN-GBM-00388	baseline	74.85	M	UPenn	0	1020	1	Deceased	wildtype	methylated	90	False	n/a
UPENN-GBM-00389	baseline	67.91	M	UPenn	0	114	1	Deceased	wildtype	n/a	n/a	True	n/a
UPENN-GBM-00390	baseline	62.89	M	UPenn	0	443	1	Deceased	wildtype	unmethylated	90	False	n/a
UPENN-GBM-00391	baseline	57.63	M	UPenn	0	93	1	Deceased	wildtype	unmethylated	90	False	n/a
UPENN-GBM-00392	baseline	63.43	M	UPenn	0	1730	1	Deceased	wildtype	methylated	n/a	False	n/a
UPENN-GBM-00393	baseline	68.96	F	UPenn	0	336	1	Deceased	wildtype	unmethylated	n/a	True	n/a
UPENN-GBM-00394	baseline	56.16	F	UPenn	0	322	1	Deceased	wildtype	n/a	n/a	True	n/a
UPENN-GBM-00395	baseline	65.52	M	UPenn	0	2578	1	Deceased	wildtype	methylated	n/a	False	n/a
UPENN-GBM-00396	baseline	47.58	M	UPenn	0	341	1	Deceased	wildtype	n/a	90	True	n/a
UPENN-GBM-00397	baseline	71.55	F	UPenn	0	2694	1	Deceased	wildtype	n/a	n/a	False	n/a
UPENN-GBM-00398	baseline	69.36	M	UPenn	0	342	1	Deceased	wildtype	unmethylated	n/a	True	n/a
UPENN-GBM-00399	baseline	60.67	M	UPenn	0	338	1	Deceased	wildtype	methylated	n/a	True	n/a
UPENN-GBM-00400	baseline	83.43	F	UPenn	0	480	1	Deceased	wildtype	n/a	100	False	n/a
UPENN-GBM-00401	baseline	65.75	F	UPenn	0	635	1	Deceased	wildtype	methylated	n/a	True	n/a
UPENN-GBM-00402	baseline	64.16	F	UPenn	0	503	1	Deceased	wildtype	unmethylated	n/a	False	n/a
UPENN-GBM-00403	baseline	68.19	M	UPenn	0	191	1	Deceased	wildtype	methylated	n/a	False	n/a
UPENN-GBM-00404	baseline	66.36	M	UPenn	0	688	1	Deceased	wildtype	methylated	40	True	n/a
UPENN-GBM-00405	baseline	66.34	F	UPenn	0	57	1	Deceased	wildtype	unmethylated	90	True	n/a
UPENN-GBM-00406	baseline	71.33	M	UPenn	0	355	1	Deceased	wildtype	methylated	90	False	n/a
UPENN-GBM-00407	baseline	66.52	M	UPenn	0	201	1	Deceased	wildtype	methylated	n/a	True	n/a
UPENN-GBM-00408	baseline	59.47	F	UPenn	0	565	1	Deceased	wildtype	unmethylated	n/a	True	n/a
UPENN-GBM-00409	baseline	72.71	F	UPenn	0	510	1	Deceased	wildtype	methylated	80	True	n/a
UPENN-GBM-00410	baseline	47.9	M	UPenn	0	423	1	Deceased	wildtype	unmethylated	n/a	False	n/a
UPENN-GBM-00411	baseline	52.12	M	UPenn	0	531	1	Deceased	wildtype	unmethylated	70	True	n/a
UPENN-GBM-00412	baseline	63.11	M	UPenn	0	862	1	Deceased	wildtype	methylated	100	False	n/a
UPENN-GBM-00413	baseline	48.47	M	UPenn	0	827	1	Deceased	wildtype	unmethylated	90	True	n/a
UPENN-GBM-00414	baseline	82.67	M	UPenn	0	249	1	Deceased	wildtype	methylated	n/a	True	n/a
UPENN-GBM-00415	baseline	62.53	F	UPenn	0	100	1	Deceased	wildtype	unmethylated	n/a	True	n/a
UPENN-GBM-00416	baseline	37.53	F	UPenn	0	2675	0	Alive	wildtype	unmethylated	n/a	True	n/a
UPENN-GBM-00417	baseline	59.76	F	UPenn	0	1863	1	Deceased	wildtype	n/a	n/a	True	n/a
UPENN-GBM-00418	baseline	49.61	F	UPenn	0	1410	1	Deceased	wildtype	methylated	n/a	True	n/a
UPENN-GBM-00419	baseline	59.89	M	UPenn	0	518	1	Deceased	wildtype	unmethylated	n/a	False	n/a
UPENN-GBM-00420	baseline	63.36	F	UPenn	0	1941	1	Deceased	wildtype	methylated	n/a	True	n/a
UPENN-GBM-00421	baseline	60.7	M	UPenn	0	765	1	Deceased	wildtype	unmethylated	n/a	False	n/a
UPENN-GBM-00422	baseline	67.7	M	UPenn	0	2792	0	Alive	wildtype	n/a	n/a	True	n/a
UPENN-GBM-00423	baseline	77.45	F	UPenn	0	303	1	Deceased	wildtype	methylated	n/a	True	n/a
UPENN-GBM-00424	baseline	80.46	M	UPenn	0	24	0	Deceased - uncertain date of death	wildtype	methylated	n/a	False	n/a
UPENN-GBM-00425	baseline	74.89	M	UPenn	0	2930	0	Alive	wildtype	methylated	n/a	False	n/a
UPENN-GBM-00426	baseline	55.17	M	UPenn	0	820	1	Deceased	wildtype	unmethylated	90	True	n/a
UPENN-GBM-00427	baseline	73.15	F	UPenn	0	136	1	Deceased	wildtype	n/a	n/a	False	n/a
UPENN-GBM-00428	baseline	64.76	M	UPenn	0	374	1	Deceased	wildtype	unmethylated	n/a	False	n/a
UPENN-GBM-00429	baseline	73.66	M	UPenn	0	166	1	Deceased	wildtype	n/a	80	False	n/a
UPENN-GBM-00430	baseline	53.04	F	UPenn	0	2808	0	Alive	wildtype	methylated	n/a	True	n/a
UPENN-GBM-00431	baseline	79.94	F	UPenn	0	125	1	Deceased	wildtype	unmethylated	n/a	True	n/a
UPENN-GBM-00432	baseline	60.63	F	UPenn	0	582	1	Deceased	wildtype	unmethylated	n/a	True	n/a
UPENN-GBM-00433	baseline	45.23	M	UPenn	0	626	1	Deceased	wildtype	n/a	n/a	True	n/a
UPENN-GBM-00434	baseline	66.18	F	UPenn	0	70	1	Deceased	wildtype	unmethylated	n/a	False	n/a
UPENN-GBM-00435	baseline	56.94	F	UPenn	0	205	1	Deceased	wildtype	unmethylated	n/a	n/a	n/a
UPENN-GBM-00436	baseline	67.09	F	UPenn	0	389	1	Deceased	wildtype	unmethylated	n/a	True	n/a
UPENN-GBM-00437	baseline	53.02	F	UPenn	0	82	1	Deceased	wildtype	n/a	n/a	False	n/a
UPENN-GBM-00438	baseline	81.77	M	UPenn	0	117	1	Deceased	wildtype	methylated	n/a	True	n/a
UPENN-GBM-00439	baseline	47.21	F	UPenn	0	264	1	Deceased	wildtype	methylated	n/a	False	n/a
UPENN-GBM-00440	baseline	54.22	M	UPenn	0	1570	1	Deceased	wildtype	n/a	n/a	True	n/a
UPENN-GBM-00441	baseline	65.03	M	UPenn	0	619	1	Deceased	wildtype	n/a	n/a	False	n/a
UPENN-GBM-00442	baseline	80.36	F	UPenn	0	90	1	Deceased	wildtype	methylated	60	False	n/a
UPENN-GBM-00443	baseline	78.4	M	UPenn	0	60	1	Deceased	wildtype	methylated	n/a	False	n/a
UPENN-GBM-00444	baseline	25.48	M	UPenn	0	2402	0	Alive	mutated	methylated	n/a	True	n/a
UPENN-GBM-00445	baseline	60.23	F	UPenn	0	284	1	Deceased	wildtype	methylated	n/a	True	n/a
UPENN-GBM-00446	baseline	67.67	F	UPenn	0	831	1	Deceased	wildtype	methylated	n/a	True	n/a
UPENN-GBM-00447	baseline	78.7	M	UPenn	0	248	1	Deceased	wildtype	unmethylated	n/a	True	n/a
UPENN-GBM-00448	baseline	62.34	M	UPenn	0	288	1	Deceased	wildtype	unmethylated	n/a	True	n/a
UPENN-GBM-00449	baseline	48.97	M	UPenn	0	742	1	Deceased	wildtype	unmethylated	80	False	n/a
UPENN-GBM-00450	baseline	59.37	M	UPenn	0	764	1	Deceased	wildtype	n/a	n/a	True	n/a
UPENN-GBM-00451	baseline	64.83	F	UPenn	0	2309	0	Alive	wildtype	n/a	n/a	n/a	n/a
UPENN-GBM-00452	baseline	53.19	M	UPenn	0	680	1	Deceased	wildtype	unmethylated	70	True	n/a
UPENN-GBM-00453	baseline	69.45	M	UPenn	0	1052	1	Deceased	wildtype	methylated	n/a	True	n/a
UPENN-GBM-00454	baseline	71.65	F	UPenn	0	136	1	Deceased	wildtype	unmethylated	80	False	n/a
UPENN-GBM-00455	baseline	60.82	M	UPenn	0	516	1	Deceased	wildtype	methylated	n/a	False	n/a
UPENN-GBM-00456	baseline	63.99	M	UPenn	0	149	1	Deceased	wildtype	unmethylated	n/a	False	n/a
UPENN-GBM-00457	baseline	66.58	M	UPenn	0	1299	1	Deceased	wildtype	unmethylated	n/a	False	n/a
UPENN-GBM-00458	baseline	57.8	M	UPenn	0	575	1	Deceased	wildtype	unmethylated	n/a	True	n/a
UPENN-GBM-00459	baseline	38.9	M	UPenn	0	693	1	Deceased	wildtype	unmethylated	n/a	True	n/a
UPENN-GBM-00460	baseline	61.94	M	UPenn	0	620	1	Deceased	wildtype	unmethylated	n/a	False	n/a
UPENN-GBM-00461	baseline	64.1	M	UPenn	0	1255	1	Deceased	wildtype	methylated	n/a	True	n/a
UPENN-GBM-00462	baseline	71.61	F	UPenn	0	568	1	Deceased	wildtype	unmethylated	n/a	True	n/a
UPENN-GBM-00463	baseline	65.97	M	UPenn	0	738	1	Deceased	wildtype	unmethylated	n/a	False	n/a
UPENN-GBM-00464	baseline	25.57	F	UPenn	0	479	1	Deceased	wildtype	unmethylated	n/a	True	n/a
UPENN-GBM-00465	baseline	58.92	M	UPenn	0	1208	1	Deceased	wildtype	n/a	n/a	True	n/a
UPENN-GBM-00466	baseline	73.59	M	UPenn	0	651	1	Deceased	wildtype	n/a	n/a	True	n/a
UPENN-GBM-00467	baseline	55.42	M	UPenn	0	251	1	Deceased	wildtype	n/a	n/a	False	n/a
UPENN-GBM-00468	baseline	79.32	M	UPenn	0	196	1	Deceased	wildtype	n/a	n/a	n/a	n/a
UPENN-GBM-00469	baseline	51.54	F	UPenn	0	578	1	Deceased	wildtype	methylated	n/a	True	n/a
UPENN-GBM-00470	baseline	60.59	M	UPenn	0	316	1	Deceased	wildtype	unmethylated	n/a	True	n/a
UPENN-GBM-00471	baseline	69.2	M	UPenn	0	114	1	Deceased	wildtype	unmethylated	n/a	False	n/a
UPENN-GBM-00472	baseline	58.86	F	UPenn	0	1279	1	Deceased	wildtype	n/a	n/a	True	n/a
UPENN-GBM-00473	baseline	20.74	F	UPenn	0	36	1	Deceased	wildtype	unmethylated	n/a	False	n/a
UPENN-GBM-00474	baseline	67.63	M	UPenn	0	692	1	Deceased	wildtype	methylated	n/a	False	n/a
UPENN-GBM-00475	baseline	62.74	M	UPenn	0	44	1	Deceased	wildtype	unmethylated	n/a	False	n/a
UPENN-GBM-00476	baseline	60.63	M	UPenn	0	516	1	Deceased	wildtype	unmethylated	n/a	True	n/a
UPENN-GBM-00477	baseline	55.09	M	UPenn	0	1323	1	Deceased	wildtype	n/a	n/a	True	n/a
UPENN-GBM-00478	baseline	63.03	M	UPenn	0	117	1	Deceased	wildtype	n/a	n/a	False	n/a
UPENN-GBM-00479	baseline	64.28	F	UPenn	0	168	1	Deceased	wildtype	unmethylated	n/a	n/a	n/a
UPENN-GBM-00480	baseline	45.97	M	UPenn	0	256	1	Deceased	wildtype	unmethylated	n/a	True	n/a
UPENN-GBM-00481	baseline	51.23	F	UPenn	0	601	1	Deceased	wildtype	methylated	n/a	True	n/a
UPENN-GBM-00482	baseline	48.71	F	UPenn	0	610	1	Deceased	wildtype	unmethylated	n/a	True	n/a
UPENN-GBM-00483	baseline	61.02	F	UPenn	0	192	1	Deceased	wildtype	unmethylated	n/a	False	n/a
UPENN-GBM-00484	baseline	61.05	F	UPenn	0	902	1	Deceased	wildtype	unmethylated	n/a	True	n/a
UPENN-GBM-00485	baseline	25.7	F	UPenn	0	1582	1	Deceased	mutated	n/a	n/a	False	n/a
UPENN-GBM-00486	baseline	71.68	F	UPenn	0	371	1	Deceased	wildtype	unmethylated	n/a	True	n/a
UPENN-GBM-00487	baseline	60.38	M	UPenn	0	395	1	Deceased	wildtype	unmethylated	n/a	False	n/a
UPENN-GBM-00488	baseline	64.91	M	UPenn	0	370	1	Deceased	wildtype	methylated	n/a	True	n/a
UPENN-GBM-00489	baseline	68.86	M	UPenn	0	175	1	Deceased	wildtype	unmethylated	n/a	True	n/a
UPENN-GBM-00490	baseline	74.58	M	UPenn	0	821	1	Deceased	wildtype	unmethylated	n/a	n/a	n/a
UPENN-GBM-00491	baseline	65.25	F	UPenn	0	16	1	Deceased	wildtype	n/a	n/a	n/a	n/a
UPENN-GBM-00492	baseline	56.25	F	UPenn	0	397	1	Deceased	wildtype	unmethylated	n/a	True	n/a
UPENN-GBM-00493	baseline	70.49	F	UPenn	0	482	1	Deceased	wildtype	unmethylated	n/a	True	n/a
UPENN-GBM-00494	baseline	51.56	M	UPenn	0	480	1	Deceased	wildtype	methylated	n/a	False	n/a
UPENN-GBM-00495	baseline	67.92	M	UPenn	0	483	1	Deceased	wildtype	unmethylated	n/a	False	n/a
UPENN-GBM-00496	baseline	54.26	F	UPenn	0	681	1	Deceased	wildtype	methylated	n/a	True	n/a
UPENN-GBM-00497	baseline	45.31	M	UPenn	0	859	1	Deceased	wildtype	n/a	n/a	True	n/a
UPENN-GBM-00498	baseline	57.61	F	UPenn	0	493	1	Deceased	wildtype	methylated	n/a	False	n/a
UPENN-GBM-00499	baseline	75.08	M	UPenn	0	648	1	Deceased	wildtype	unmethylated	n/a	False	n/a
UPENN-GBM-00500	baseline	62.97	F	UPenn	0	596	1	Deceased	wildtype	unmethylated	n/a	True	n/a
UPENN-GBM-00501	baseline	77.52	M	UPenn	0	1025	1	Deceased	wildtype	n/a	n/a	False	n/a
UPENN-GBM-00502	baseline	22.79	F	UPenn	0	99	1	Deceased	wildtype	unmethylated	n/a	True	n/a
UPENN-GBM-00503	baseline	23.61	F	UPenn	0	2489	0	Alive	wildtype	n/a	n/a	True	n/a
UPENN-GBM-00504	baseline	48.81	M	UPenn	0	1125	1	Deceased	wildtype	methylated	n/a	False	n/a
UPENN-GBM-00505	baseline	69.17	M	UPenn	0	590	1	Deceased	wildtype	unmethylated	n/a	True	n/a
UPENN-GBM-00506	baseline	49.4	M	UPenn	0	1722	1	Deceased	wildtype	methylated	n/a	True	n/a
UPENN-GBM-00507	baseline	83.37	M	UPenn	0	187	1	Deceased	wildtype	n/a	n/a	False	n/a
UPENN-GBM-00508	baseline	56.07	M	UPenn	0	572	1	Deceased	wildtype	unmethylated	n/a	n/a	n/a
UPENN-GBM-00509	baseline	68.75	F	UPenn	0	710	1	Deceased	wildtype	methylated	n/a	True	n/a
UPENN-GBM-00510	baseline	76.2	M	UPenn	0	74	1	Deceased	wildtype	n/a	n/a	False	n/a
UPENN-GBM-00511	baseline	68.57	M	UPenn	0	1335	1	Deceased	wildtype	n/a	n/a	n/a	n/a
UPENN-GBM-00512	baseline	74.45	M	UPenn	0	496	1	Deceased	wildtype	methylated	n/a	True	n/a
UPENN-GBM-00513	baseline	76.86	M	UPenn	0	50	1	Deceased	wildtype	unmethylated	n/a	False	n/a
UPENN-GBM-00514	baseline	68.67	M	UPenn	0	1205	1	Deceased	wildtype	methylated	n/a	True	n/a
UPENN-GBM-00515	baseline	49.52	M	UPenn	0	170	1	Deceased	wildtype	unmethylated	n/a	True	n/a
UPENN-GBM-00516	baseline	58.98	F	UPenn	0	188	1	Deceased	wildtype	methylated	n/a	False	n/a
UPENN-GBM-00517	baseline	53.34	M	UPenn	0	285	1	Deceased	wildtype	unmethylated	n/a	False	n/a
UPENN-GBM-00518	baseline	51.47	M	UPenn	0	1201	1	Deceased	wildtype	methylated	n/a	False	n/a
UPENN-GBM-00519	baseline	32.93	M	UPenn	0	468	1	Deceased	wildtype	unmethylated	n/a	True	n/a
UPENN-GBM-00520	baseline	83.61	M	UPenn	0	122	1	Deceased	wildtype	methylated	n/a	False	n/a
UPENN-GBM-00521	baseline	64.21	F	UPenn	0	1050	1	Deceased	wildtype	methylated	n/a	True	n/a
UPENN-GBM-00522	baseline	66.16	M	UPenn	0	199	1	Deceased	wildtype	unmethylated	n/a	False	n/a
UPENN-GBM-00523	baseline	60.06	F	UPenn	0	637	1	Deceased	wildtype	unmethylated	n/a	True	n/a
UPENN-GBM-00524	baseline	72.97	M	UPenn	0	53	1	Deceased	wildtype	methylated	n/a	True	n/a
UPENN-GBM-00525	baseline	76.15	M	UPenn	0	157	1	Deceased	wildtype	unmethylated	90	False	n/a
UPENN-GBM-00526	baseline	75.19	F	UPenn	0	32	1	Deceased	wildtype	methylated	n/a	False	n/a
UPENN-GBM-00527	baseline	71.76	M	UPenn	0	248	1	Deceased	wildtype	unmethylated	80	False	n/a
UPENN-GBM-00528	baseline	43.53	M	UPenn	0	598	1	Deceased	wildtype	unmethylated	n/a	True	n/a
UPENN-GBM-00529	baseline	73.05	M	UPenn	0	85	1	Deceased	wildtype	unmethylated	90	True	n/a
UPENN-GBM-00530	baseline	60.66	M	UPenn	0	521	1	Deceased	wildtype	methylated	n/a	True	n/a
UPENN-GBM-00531	baseline	78.21	M	UPenn	0	448	1	Deceased	wildtype	unmethylated	n/a	n/a	n/a
UPENN-GBM-00532	baseline	56.09	F	UPenn	0	497	1	Deceased	wildtype	methylated	n/a	False	n/a
UPENN-GBM-00533	baseline	61.89	F	UPenn	0	784	1	Deceased	wildtype	unmethylated	n/a	True	n/a
UPENN-GBM-00534	baseline	61.74	F	UPenn	0	707	1	Deceased	wildtype	methylated	n/a	False	n/a
UPENN-GBM-00535	baseline	72.25	F	UPenn	0	215	1	Deceased	wildtype	unmethylated	60	False	n/a
UPENN-GBM-00536	baseline	66.7	M	UPenn	0	462	1	Deceased	wildtype	methylated	n/a	True	n/a
UPENN-GBM-00537	baseline	77.39	M	UPenn	0	127	1	Deceased	wildtype	unmethylated	n/a	True	n/a
UPENN-GBM-00538	baseline	56.26	M	UPenn	0	1170	1	Deceased	wildtype	methylated	n/a	True	n/a
UPENN-GBM-00539	baseline	61.42	F	UPenn	0	824	1	Deceased	wildtype	methylated	n/a	False	n/a
UPENN-GBM-00540	baseline	70.81	M	UPenn	0	343	1	Deceased	wildtype	methylated	n/a	False	n/a
UPENN-GBM-00541	baseline	52.97	M	UPenn	0	471	1	Deceased	wildtype	n/a	n/a	False	n/a
UPENN-GBM-00542	baseline	65.51	M	UPenn	0	414	1	Deceased	wildtype	n/a	n/a	True	n/a
UPENN-GBM-00543	baseline	73.86	M	UPenn	0	7	1	Deceased	wildtype	n/a	90	False	n/a
UPENN-GBM-00544	baseline	73.91	M	UPenn	0	376	1	Deceased	wildtype	methylated	n/a	False	n/a
UPENN-GBM-00545	baseline	73.72	F	UPenn	0	37	1	Deceased	wildtype	n/a	n/a	False	n/a
UPENN-GBM-00546	baseline	67.11	M	UPenn	0	127	1	Deceased	wildtype	methylated	40	False	n/a
UPENN-GBM-00547	baseline	67.72	M	UPenn	0	121	1	Deceased	wildtype	unmethylated	n/a	n/a	n/a
UPENN-GBM-00548	baseline	67.5	M	UPenn	0	356	1	Deceased	wildtype	n/a	n/a	False	n/a
UPENN-GBM-00549	baseline	61.33	F	UPenn	0	490	1	Deceased	wildtype	unmethylated	90	True	n/a
UPENN-GBM-00550	baseline	72.03	M	UPenn	0	166	1	Deceased	wildtype	n/a	n/a	False	n/a
UPENN-GBM-00551	baseline	71.27	M	UPenn	0	376	1	Deceased	wildtype	methylated	70	False	n/a
UPENN-GBM-00552	baseline	78.13	M	UPenn	0	384	1	Deceased	wildtype	unmethylated	80	False	n/a
UPENN-GBM-00553	baseline	59.62	F	UPenn	0	1454	1	Deceased	mutated	methylated	n/a	False	n/a
UPENN-GBM-00554	baseline	51.24	M	UPenn	0	376	1	Deceased	wildtype	methylated	n/a	False	n/a
UPENN-GBM-00555	baseline	72.82	M	UPenn	0	302	1	Deceased	wildtype	methylated	n/a	True	n/a
UPENN-GBM-00556	baseline	73.05	M	UPenn	0	434	1	Deceased	wildtype	methylated	n/a	True	n/a
UPENN-GBM-00557	baseline	59.21	F	UPenn	0	350	1	Deceased	mutated	methylated	n/a	True	n/a
UPENN-GBM-00558	baseline	79.16	F	UPenn	0	430	1	Deceased	wildtype	unmethylated	n/a	True	n/a
UPENN-GBM-00559	baseline	73.32	F	UPenn	0	449	1	Deceased	wildtype	methylated	n/a	False	n/a
UPENN-GBM-00560	baseline	67.95	M	UPenn	0	273	1	Deceased	wildtype	unmethylated	80	False	n/a
UPENN-GBM-00561	baseline	72.82	F	UPenn	0	80	1	Deceased	wildtype	n/a	n/a	False	n/a
UPENN-GBM-00562	baseline	81.42	M	UPenn	0	33	1	Deceased	wildtype	unmethylated	n/a	True	n/a
UPENN-GBM-00563	baseline	28.11	M	UPenn	0	36	1	Deceased	wildtype	unmethylated	n/a	False	n/a
UPENN-GBM-00564	baseline	36.32	M	UPenn	0	1029	1	Deceased	mutated	methylated	n/a	False	n/a
UPENN-GBM-00565	baseline	58.63	F	UPenn	0	1403	1	Deceased	wildtype	methylated	n/a	n/a	n/a
UPENN-GBM-00566	baseline	67.77	M	UPenn	0	2102	0	Alive	wildtype	methylated	n/a	True	n/a
UPENN-GBM-00567	baseline	38.86	M	UPenn	0	1067	1	Deceased	wildtype	methylated	n/a	False	n/a
UPENN-GBM-00568	baseline	71.62	M	UPenn	0	1128	1	Deceased	wildtype	methylated	n/a	True	n/a
UPENN-GBM-00569	baseline	41.24	M	UPenn	0	2061	0	Alive	mutated	methylated	n/a	False	n/a
UPENN-GBM-00570	baseline	64.79	M	UPenn	0	259	1	Deceased	wildtype	unmethylated	n/a	True	n/a
UPENN-GBM-00571	baseline	75.39	F	UPenn	0	81	1	Deceased	n/a	n/a	n/a	False	n/a
UPENN-GBM-00572	baseline	74.22	F	UPenn	0	104	1	Deceased	wildtype	unmethylated	90	False	n/a
UPENN-GBM-00573	baseline	60.73	F	UPenn	0	203	1	Deceased	wildtype	n/a	n/a	False	n/a
UPENN-GBM-00574	baseline	76.13	M	UPenn	0	234	1	Deceased	wildtype	unmethylated	n/a	True	n/a
UPENN-GBM-00575	baseline	76.93	F	UPenn	0	153	1	Deceased	wildtype	unmethylated	n/a	True	n/a
UPENN-GBM-00576	baseline	87.59	M	UPenn	0	440	1	Deceased	wildtype	unmethylated	n/a	True	n/a
UPENN-GBM-00577	baseline	64.92	F	UPenn	0	685	1	Deceased	wildtype	n/a	n/a	True	n/a
UPENN-GBM-00578	baseline	67.87	M	UPenn	0	497	1	Deceased	wildtype	methylated	n/a	False	n/a
UPENN-GBM-00579	baseline	58.51	F	UPenn	0	577	1	Deceased	wildtype	methylated	n/a	n/a	n/a
UPENN-GBM-00580	baseline	68.11	F	UPenn	0	1431	1	Deceased	wildtype	methylated	n/a	False	n/a
UPENN-GBM-00581	baseline	54.63	M	UPenn	0	324	1	Deceased	wildtype	unmethylated	n/a	True	n/a
UPENN-GBM-00582	baseline	78.03	M	UPenn	0	430	1	Deceased	wildtype	n/a	80	True	n/a
UPENN-GBM-00583	baseline	51.88	M	UPenn	0	123	1	Deceased	wildtype	unmethylated	n/a	False	n/a
UPENN-GBM-00584	baseline	75.32	M	UPenn	0	944	1	Deceased	wildtype	unmethylated	n/a	True	n/a
UPENN-GBM-00585	baseline	60.48	M	UPenn	0	147	1	Deceased	wildtype	unmethylated	n/a	False	n/a
UPENN-GBM-00586	baseline	70.64	F	UPenn	0	1921	0	Alive	wildtype	methylated	n/a	True	n/a
UPENN-GBM-00587	baseline	63.68	M	UPenn	0	154	1	Deceased	wildtype	unmethylated	n/a	False	n/a
UPENN-GBM-00588	baseline	61.97	M	UPenn	0	61	1	Deceased	wildtype	methylated	n/a	False	n/a
UPENN-GBM-00589	baseline	80.93	M	UPenn	0	26	1	Deceased	wildtype	n/a	n/a	True	n/a
UPENN-GBM-00590	baseline	69.22	F	UPenn	0	297	1	Deceased	wildtype	unmethylated	90	False	n/a
UPENN-GBM-00591	baseline	75.92	M	UPenn	0	59	1	Deceased	wildtype	unmethylated	n/a	n/a	n/a
UPENN-GBM-00592	baseline	52.33	F	UPenn	0	1579	1	Deceased	mutated	methylated	n/a	True	n/a
UPENN-GBM-00593	baseline	57.82	M	UPenn	0	223	1	Deceased	wildtype	unmethylated	n/a	False	n/a
UPENN-GBM-00594	baseline	52.3	M	UPenn	0	899	1	Deceased	wildtype	methylated	80	False	n/a
UPENN-GBM-00595	baseline	69.12	M	UPenn	0	203	0	Lost to Follow-up	wildtype	methylated	n/a	n/a	n/a
UPENN-GBM-00596	baseline	81.95	F	UPenn	0	46	1	Deceased	wildtype	unmethylated	60	n/a	n/a
UPENN-GBM-00597	baseline	61.92	F	UPenn	0	381	1	Deceased	wildtype	unmethylated	n/a	True	n/a
UPENN-GBM-00598	baseline	61.56	F	UPenn	0	771	1	Deceased	wildtype	methylated	n/a	True	n/a
UPENN-GBM-00599	baseline	60.01	M	UPenn	0	466	1	Deceased	wildtype	unmethylated	n/a	True	n/a
UPENN-GBM-00600	baseline	51.52	M	UPenn	0	594	1	Deceased	wildtype	n/a	n/a	True	n/a
UPENN-GBM-00601	baseline	59.69	M	UPenn	0	435	1	Deceased	wildtype	n/a	n/a	True	n/a
UPENN-GBM-00602	baseline	77.19	M	UPenn	0	252	1	Deceased	wildtype	methylated	n/a	n/a	n/a
UPENN-GBM-00603	baseline	57.72	M	UPenn	0	26	0	Lost to Follow-up	wildtype	n/a	70	False	n/a
UPENN-GBM-00604	baseline	62.0	F	UPenn	0	234	1	Deceased	wildtype	unmethylated	90	n/a	n/a
UPENN-GBM-00605	baseline	60.38	M	UPenn	0	1565	1	Deceased	wildtype	unmethylated	n/a	True	n/a
UPENN-GBM-00606	baseline	58.12	M	UPenn	0	1055	1	Deceased	wildtype	methylated	n/a	True	n/a
UPENN-GBM-00607	baseline	68.15	F	UPenn	0	1025	1	Deceased	wildtype	methylated	n/a	False	n/a
UPENN-GBM-00608	baseline	79.9	F	UPenn	0	666	1	Deceased	wildtype	methylated	n/a	False	n/a
UPENN-GBM-00609	baseline	29.01	M	UPenn	0	138	1	Deceased	wildtype	unmethylated	n/a	False	n/a
UPENN-GBM-00610	baseline	47.44	M	UPenn	0	1770	0	Alive	mutated	n/a	n/a	n/a	n/a
UPENN-GBM-00611	baseline	58.09	M	UPenn	0	551	1	Deceased	wildtype	n/a	n/a	False	n/a
UPENN-GBM-00612	followup	43.27	M	UPenn	n/a	80	1	Deceased	mutated	methylated	n/a	n/a	6
UPENN-GBM-00613	followup	64.36	M	UPenn	418	76	1	Deceased	wildtype	n/a	n/a	n/a	6
UPENN-GBM-00614	followup	63.73	F	UPenn	316	372	1	Deceased	n/a	n/a	n/a	n/a	4
UPENN-GBM-00615	followup	33.23	M	UPenn	861	636	1	Deceased	mutated	n/a	n/a	n/a	6
UPENN-GBM-00616	followup	52.02	F	UPenn	1078	159	1	Deceased	wildtype	unmethylated	n/a	n/a	6
UPENN-GBM-00617	followup	54.56	F	UPenn	402	240	1	Deceased	wildtype	unmethylated	n/a	n/a	6
UPENN-GBM-00618	followup	32.77	M	UPenn	378	124	1	Deceased	mutated	unmethylated	n/a	n/a	6
UPENN-GBM-00619	followup	37.79	M	UPenn	186	483	1	Deceased	wildtype	unmethylated	n/a	n/a	3
UPENN-GBM-00620	followup	38.99	M	UPenn	1762	165	0	Lost to Follow-up	wildtype	n/a	n/a	n/a	5
UPENN-GBM-00621	followup	62.61	F	UPenn	176	84	1	Deceased	wildtype	unmethylated	n/a	n/a	5
UPENN-GBM-00622	followup	66.4	F	UPenn	n/a	24	1	Deceased	wildtype	methylated	n/a	n/a	6
UPENN-GBM-00623	followup	52.03	M	UPenn	155	2021	1	Deceased	wildtype	methylated	n/a	n/a	3
UPENN-GBM-00624	followup	44.33	M	UPenn	n/a	493	1	Deceased	wildtype	unmethylated	n/a	n/a	5
UPENN-GBM-00625	followup	48.75	F	UPenn	n/a	376	1	Deceased	wildtype	unmethylated	n/a	n/a	3
UPENN-GBM-00626	followup	57.19	F	UPenn	234	288	1	Deceased	wildtype	unmethylated	n/a	n/a	5
UPENN-GBM-00627	followup	57.4	F	UPenn	n/a	365	1	Deceased	wildtype	n/a	n/a	n/a	4
UPENN-GBM-00628	followup	55.09	M	UPenn	n/a	79	1	Deceased	wildtype	n/a	n/a	n/a	6
UPENN-GBM-00629	followup	71.44	M	UPenn	n/a	66	1	Deceased	wildtype	unmethylated	n/a	n/a	6
UPENN-GBM-00630	followup	65.47	M	UPenn	n/a	35	1	Deceased	wildtype	methylated	n/a	n/a	2
