participant_id	session_id	age	sex	site	diagnosis	scanner_serial	ghost_artifact
sub-10159	1	30.0	F	UCLA	CONTROL	35343	False
sub-10171	1	24.0	M	UCLA	CONTROL	35343	False
sub-10189	1	49.0	M	UCLA	CONTROL	35343	False
sub-10193	1	40.0	M	UCLA	CONTROL	35343	False
sub-10206	1	21.0	M	UCLA	CONTROL	35343	False
sub-10217	1	33.0	F	UCLA	CONTROL	35343	False
sub-10225	1	35.0	M	UCLA	CONTROL	35343	False
sub-10227	1	31.0	F	UCLA	CONTROL	35343	False
sub-10228	1	40.0	F	UCLA	CONTROL	35343	False
sub-10235	1	22.0	M	UCLA	CONTROL	35343	False
sub-10249	1	28.0	M	UCLA	CONTROL	35343	False
sub-10269	1	38.0	M	UCLA	CONTROL	35343	False
sub-10271	1	41.0	F	UCLA	CONTROL	35343	False
sub-10273	1	30.0	F	UCLA	CONTROL	35343	False
sub-10274	1	43.0	M	UCLA	CONTROL	35343	False
sub-10280	1	27.0	M	UCLA	CONTROL	35343	False
sub-10290	1	48.0	M	UCLA	CONTROL	35343	False
sub-10292	1	49.0	M	UCLA	CONTROL	35343	False
sub-10299	1	25.0	M	UCLA	CONTROL	35343	True
sub-10304	1	23.0	F	UCLA	CONTROL	35343	False
sub-10316	1	29.0	M	UCLA	CONTROL	35343	True
sub-10321	1	34.0	M	UCLA	CONTROL	35343	False
sub-10325	1	29.0	F	UCLA	CONTROL	35343	False
sub-10329	1	22.0	M	UCLA	CONTROL	35343	False
sub-10339	1	45.0	F	UCLA	CONTROL	35343	False
sub-10340	1	32.0	M	UCLA	CONTROL	35343	False
sub-10345	1	25.0	M	UCLA	CONTROL	35343	False
sub-10347	1	25.0	F	UCLA	CONTROL	35343	False
sub-10356	1	43.0	F	UCLA	CONTROL	35343	False
sub-10361	1	42.0	F	UCLA	CONTROL	35343	False
sub-10365	1	24.0	F	UCLA	CONTROL	35343	False
sub-10376	1	42.0	F	UCLA	CONTROL	35343	False
sub-10377	1	49.0	M	UCLA	CONTROL	35343	False
sub-10388	1	50.0	F	UCLA	CONTROL	35343	False
sub-10428	1	25.0	F	UCLA	CONTROL	35343	True
sub-10429	1	36.0	F	UCLA	CONTROL	35343	False
sub-10438	1	25.0	M	UCLA	CONTROL	35343	False
sub-10440	1	26.0	F	UCLA	CONTROL	35343	False
sub-10448	1	37.0	M	UCLA	CONTROL	35343	False
sub-10455	1	25.0	M	UCLA	CONTROL	35343	False
sub-10460	1	40.0	M	UCLA	CONTROL	35343	True
sub-10471	1	30.0	F	UCLA	CONTROL	35343	False
sub-10478	1	21.0	F	UCLA	CONTROL	35343	False
sub-10487	1	31.0	M	UCLA	CONTROL	35343	False
sub-10492	1	22.0	F	UCLA	CONTROL	35343	False
sub-10501	1	21.0	F	UCLA	CONTROL	35343	True
sub-10506	1	25.0	M	UCLA	CONTROL	35343	True
sub-10517	1	21.0	F	UCLA	CONTROL	35343	False
sub-10523	1	24.0	M	UCLA	CONTROL	35343	False
sub-10524	1	46.0	F	UCLA	CONTROL	35343	False
sub-10525	1	24.0	M	UCLA	CONTROL	35343	False
sub-10527	1	24.0	M	UCLA	CONTROL	35343	False
sub-10530	1	23.0	M	UCLA	CONTROL	35343	True
sub-10557	1	26.0	M	UCLA	CONTROL	35343	False
sub-10565	1	25.0	F	UCLA	CONTROL	35343	False
sub-10570	1	32.0	F	UCLA	CONTROL	35343	False
sub-10575	1	23.0	M	UCLA	CONTROL	35343	False
sub-10624	1	28.0	M	UCLA	CONTROL	35343	True
sub-10629	1	31.0	M	UCLA	CONTROL	35343	False
sub-10631	1	21.0	F	UCLA	CONTROL	35343	False
sub-10638	1	25.0	F	UCLA	CONTROL	35343	False
sub-10668	1	25.0	F	UCLA	CONTROL	35343	False
sub-10672	1	29.0	M	UCLA	CONTROL	35343	False
sub-10674	1	42.0	F	UCLA	CONTROL	35343	False
sub-10678	1	24.0	F	UCLA	CONTROL	35343	False
sub-10680	1	22.0	F	UCLA	CONTROL	35343	False
sub-10686	1	26.0	F	UCLA	CONTROL	35343	False
sub-10692	1	28.0	F	UCLA	CONTROL	35343	False
sub-10696	1	25.0	F	UCLA	CONTROL	35343	True
sub-10697	1	39.0	M	UCLA	CONTROL	35343	False
sub-10704	1	32.0	M	UCLA	CONTROL	35343	False
sub-10707	1	28.0	M	UCLA	CONTROL	35343	False
sub-10708	1	25.0	M	UCLA	CONTROL	35343	False
sub-10719	1	23.0	F	UCLA	CONTROL	35343	False
sub-10724	1	22.0	F	UCLA	CONTROL	35343	False
sub-10746	1	23.0	M	UCLA	CONTROL	35343	False
sub-10762	1	41.0	F	UCLA	CONTROL	35343	False
sub-10779	1	38.0	M	UCLA	CONTROL	35343	False
sub-10785	1	36.0	F	UCLA	CONTROL	35343	False
sub-10788	1	35.0	F	UCLA	CONTROL	35343	False
sub-10844	1	26.0	M	UCLA	CONTROL	35343	False
sub-10855	1	47.0	M	UCLA	CONTROL	35343	False
sub-10871	1	41.0	M	UCLA	CONTROL	35343	False
sub-10877	1	23.0	M	UCLA	CONTROL	35343	False
sub-10882	1	23.0	M	UCLA	CONTROL	35343	False
sub-10891	1	21.0	F	UCLA	CONTROL	35343	True
sub-10893	1	25.0	F	UCLA	CONTROL	35343	False
sub-10912	1	44.0	F	UCLA	CONTROL	35343	False
sub-10934	1	37.0	F	UCLA	CONTROL	35343	False
sub-10940	1	25.0	M	UCLA	CONTROL	35343	False
sub-10948	1	22.0	F	UCLA	CONTROL	35343	True
sub-10949	1	27.0	M	UCLA	CONTROL	35343	False
sub-10958	1	30.0	F	UCLA	CONTROL	35343	False
sub-10963	1	45.0	F	UCLA	CONTROL	35343	False
sub-10968	1	24.0	M	UCLA	CONTROL	35343	True
sub-10971	1	27.0	F	UCLA	CONTROL	35343	True
sub-10975	1	32.0	M	UCLA	CONTROL	35343	False
sub-10977	1	47.0	M	UCLA	CONTROL	35343	True
sub-10987	1	26.0	F	UCLA	CONTROL	35343	False
sub-10998	1	49.0	M	UCLA	CONTROL	35343	False
sub-11019	1	47.0	M	UCLA	CONTROL	35343	False
sub-11030	1	40.0	M	UCLA	CONTROL	35343	False
sub-11044	1	40.0	M	UCLA	CONTROL	35343	False
sub-11050	1	48.0	M	UCLA	CONTROL	35343	True
sub-11052	1	26.0	M	UCLA	CONTROL	35343	True
sub-11059	1	22.0	F	UCLA	CONTROL	35343	False
sub-11061	1	45.0	F	UCLA	CONTROL	35426	False
sub-11062	1	49.0	F	UCLA	CONTROL	35426	False
sub-11066	1	37.0	M	UCLA	CONTROL	35426	False
sub-11067	1	23.0	F	UCLA	CONTROL	35426	False
sub-11068	1	39.0	M	UCLA	CONTROL	35426	False
sub-11077	1	22.0	F	UCLA	CONTROL	35426	False
sub-11082	1	25.0	F	UCLA	CONTROL	35426	False
sub-11088	1	21.0	F	UCLA	CONTROL	35426	False
sub-11090	1	24.0	M	UCLA	CONTROL	35426	False
sub-11097	1	43.0	M	UCLA	CONTROL	35426	False
sub-11098	1	39.0	M	UCLA	CONTROL	35426	True
sub-11104	1	21.0	M	UCLA	CONTROL	35426	False
sub-11105	1	27.0	F	UCLA	CONTROL	35426	False
sub-11106	1	27.0	M	UCLA	CONTROL	35426	False
sub-11108	1	21.0	F	UCLA	CONTROL	35426	False
sub-11112	1	29.0	M	UCLA	CONTROL	35426	False
sub-11121	1	25.0	M	UCLA	CONTROL	35426	True
sub-11122	1	40.0	F	UCLA	CONTROL	35426	False
sub-11128	1	28.0	F	UCLA	CONTROL	35426	False
sub-11131	1	38.0	F	UCLA	CONTROL	35426	False
sub-11142	1	24.0	M	UCLA	CONTROL	35426	False
sub-11143	1	28.0	M	UCLA	CONTROL	35426	True
sub-11149	1	32.0	M	UCLA	CONTROL	35426	True
sub-11156	1	25.0	F	UCLA	CONTROL	35426	False
sub-50004	1	37.0	M	UCLA	SCHZ	35343	True
sub-50005	1	40.0	M	UCLA	SCHZ	35343	True
sub-50006	1	44.0	F	UCLA	SCHZ	35343	False
sub-50007	1	47.0	F	UCLA	SCHZ	35343	False
sub-50008	1	48.0	M	UCLA	SCHZ	35343	True
sub-50010	1	41.0	M	UCLA	SCHZ	35343	False
sub-50013	1	30.0	M	UCLA	SCHZ	35343	False
sub-50014	1	22.0	M	UCLA	SCHZ	35343	False
sub-50015	1	23.0	M	UCLA	SCHZ	35343	False
sub-50016	1	49.0	M	UCLA	SCHZ	35343	False
sub-50020	1	25.0	M	UCLA	SCHZ	35343	True
sub-50021	1	41.0	F	UCLA	SCHZ	35343	False
sub-50022	1	33.0	M	UCLA	SCHZ	35343	True
sub-50023	1	49.0	F	UCLA	SCHZ	35343	False
sub-50025	1	48.0	M	UCLA	SCHZ	35343	False
sub-50027	1	30.0	F	UCLA	SCHZ	35343	True
sub-50029	1	49.0	F	UCLA	SCHZ	35343	True
sub-50032	1	28.0	M	UCLA	SCHZ	35343	True
sub-50033	1	43.0	M	UCLA	SCHZ	35343	True
sub-50034	1	43.0	M	UCLA	SCHZ	35343	True
sub-50035	1	29.0	F	UCLA	SCHZ	35343	False
sub-50036	1	32.0	M	UCLA	SCHZ	35343	True
sub-50038	1	26.0	F	UCLA	SCHZ	35343	True
sub-50043	1	40.0	M	UCLA	SCHZ	35343	True
sub-50047	1	44.0	M	UCLA	SCHZ	35426	False
sub-50048	1	43.0	M	UCLA	SCHZ	35426	False
sub-50049	1	37.0	F	UCLA	SCHZ	35426	True
sub-50050	1	23.0	M	UCLA	SCHZ	35426	False
sub-50051	1	37.0	M	UCLA	SCHZ	35426	True
sub-50052	1	45.0	M	UCLA	SCHZ	35426	False
sub-50053	1	47.0	M	UCLA	SCHZ	35426	True
sub-50054	1	23.0	M	UCLA	SCHZ	35426	True
sub-50055	1	23.0	M	UCLA	SCHZ	35426	True
sub-50056	1	49.0	F	UCLA	SCHZ	35426	False
sub-50058	1	38.0	F	UCLA	SCHZ	35426	False
sub-50059	1	39.0	M	UCLA	SCHZ	35426	False
sub-50060	1	41.0	M	UCLA	SCHZ	35426	True
sub-50061	1	48.0	M	UCLA	SCHZ	35426	False
sub-50064	1	31.0	F	UCLA	SCHZ	35426	False
sub-50066	1	33.0	M	UCLA	SCHZ	35426	False
sub-50067	1	25.0	M	UCLA	SCHZ	35426	False
sub-50069	1	23.0	M	UCLA	SCHZ	35426	False
sub-50073	1	47.0	M	UCLA	SCHZ	35426	False
sub-50075	1	33.0	M	UCLA	SCHZ	35426	False
sub-50076	1	42.0	M	UCLA	SCHZ	35426	False
sub-50077	1	29.0	M	UCLA	SCHZ	35426	False
sub-50080	1	29.0	M	UCLA	SCHZ	35426	False
sub-50081	1	32.0	M	UCLA	SCHZ	35426	False
sub-50083	1	40.0	M	UCLA	SCHZ	35426	False
sub-50085	1	25.0	M	UCLA	SCHZ	35343	True
sub-60001	1	48.0	M	UCLA	BIPOLAR	35343	False
sub-60005	1	50.0	F	UCLA	BIPOLAR	35343	False
sub-60006	1	22.0	M	UCLA	BIPOLAR	35343	True
sub-60008	1	36.0	F	UCLA	BIPOLAR	35343	False
sub-60010	1	40.0	M	UCLA	BIPOLAR	35343	True
sub-60011	1	31.0	M	UCLA	BIPOLAR	35343	False
sub-60012	1	36.0	M	UCLA	BIPOLAR	35343	True
sub-60014	1	44.0	F	UCLA	BIPOLAR	35343	True
sub-60015	1	22.0	F	UCLA	BIPOLAR	35343	False
sub-60016	1	26.0	M	UCLA	BIPOLAR	35343	True
sub-60017	1	46.0	M	UCLA	BIPOLAR	35343	False
sub-60020	1	22.0	M	UCLA	BIPOLAR	35343	False
sub-60021	1	45.0	F	UCLA	BIPOLAR	35343	True
sub-60022	1	47.0	F	UCLA	BIPOLAR	35343	False
sub-60028	1	36.0	F	UCLA	BIPOLAR	35343	False
sub-60030	1	23.0	F	UCLA	BIPOLAR	35343	False
sub-60033	1	31.0	F	UCLA	BIPOLAR	35343	False
sub-60036	1	45.0	F	UCLA	BIPOLAR	35343	False
sub-60037	1	23.0	F	UCLA	BIPOLAR	35343	False
sub-60038	1	26.0	M	UCLA	BIPOLAR	35343	False
sub-60042	1	34.0	M	UCLA	BIPOLAR	35343	False
sub-60043	1	40.0	F	UCLA	BIPOLAR	35343	False
sub-60045	1	26.0	F	UCLA	BIPOLAR	35343	False
sub-60046	1	38.0	M	UCLA	BIPOLAR	35343	False
sub-60048	1	40.0	M	UCLA	BIPOLAR	35343	False
sub-60049	1	22.0	F	UCLA	BIPOLAR	35343	False
sub-60051	1	36.0	M	UCLA	BIPOLAR	35426	False
sub-60052	1	42.0	M	UCLA	BIPOLAR	35426	True
sub-60053	1	21.0	M	UCLA	BIPOLAR	35426	False
sub-60055	1	46.0	M	UCLA	BIPOLAR	35426	False
sub-60056	1	42.0	F	UCLA	BIPOLAR	35426	False
sub-60057	1	35.0	F	UCLA	BIPOLAR	35426	False
sub-60060	1	23.0	M	UCLA	BIPOLAR	35426	False
sub-60062	1	25.0	M	UCLA	BIPOLAR	35426	False
sub-60065	1	37.0	F	UCLA	BIPOLAR	35426	False
sub-60066	1	43.0	M	UCLA	BIPOLAR	35426	False
sub-60068	1	46.0	M	UCLA	BIPOLAR	35426	False
sub-60070	1	37.0	M	UCLA	BIPOLAR	35426	False
sub-60072	1	25.0	F	UCLA	BIPOLAR	35426	False
sub-60073	1	50.0	M	UCLA	BIPOLAR	35426	True
sub-60074	1	34.0	F	UCLA	BIPOLAR	35426	False
sub-60076	1	29.0	M	UCLA	BIPOLAR	35426	False
sub-60077	1	48.0	M	UCLA	BIPOLAR	35426	False
sub-60078	1	47.0	M	UCLA	BIPOLAR	35426	False
sub-60079	1	33.0	M	UCLA	BIPOLAR	35426	False
sub-60080	1	29.0	M	UCLA	BIPOLAR	35426	False
sub-60084	1	32.0	F	UCLA	BIPOLAR	35426	False
sub-60087	1	41.0	M	UCLA	BIPOLAR	35426	False
sub-60089	1	29.0	F	UCLA	BIPOLAR	35426	False
sub-70001	1	50.0	F	UCLA	ADHD	35343	False
sub-70002	1	44.0	F	UCLA	ADHD	35343	False
sub-70004	1	26.0	F	UCLA	ADHD	35343	False
sub-70007	1	32.0	M	UCLA	ADHD	35343	True
sub-70010	1	48.0	M	UCLA	ADHD	35343	False
sub-70015	1	50.0	F	UCLA	ADHD	35343	False
sub-70017	1	24.0	M	UCLA	ADHD	35343	False
sub-70020	1	50.0	M	UCLA	ADHD	35343	True
sub-70021	1	33.0	M	UCLA	ADHD	35343	False
sub-70022	1	21.0	M	UCLA	ADHD	35343	False
sub-70026	1	37.0	F	UCLA	ADHD	35343	False
sub-70029	1	24.0	F	UCLA	ADHD	35343	False
sub-70033	1	40.0	M	UCLA	ADHD	35343	False
sub-70034	1	21.0	F	UCLA	ADHD	35343	False
sub-70035	1	49.0	F	UCLA	ADHD	35343	True
sub-70036	1	48.0	F	UCLA	ADHD	35343	True
sub-70037	1	37.0	F	UCLA	ADHD	35343	False
sub-70040	1	30.0	F	UCLA	ADHD	35343	False
sub-70046	1	32.0	M	UCLA	ADHD	35343	False
sub-70048	1	23.0	F	UCLA	ADHD	35343	False
sub-70049	1	25.0	F	UCLA	ADHD	35343	False
sub-70051	1	21.0	F	UCLA	ADHD	35343	True
sub-70052	1	27.0	F	UCLA	ADHD	35343	False
sub-70055	1	22.0	F	UCLA	ADHD	35426	False
sub-70057	1	25.0	M	UCLA	ADHD	35426	False
sub-70058	1	29.0	F	UCLA	ADHD	35426	False
sub-70060	1	21.0	M	UCLA	ADHD	35426	True
sub-70061	1	31.0	F	UCLA	ADHD	35426	False
sub-70065	1	24.0	M	UCLA	ADHD	35426	False
sub-70068	1	23.0	M	UCLA	ADHD	35426	False
sub-70069	1	40.0	M	UCLA	ADHD	35426	False
sub-70070	1	26.0	M	UCLA	ADHD	35426	False
sub-70072	1	21.0	F	UCLA	ADHD	35426	True
sub-70073	1	27.0	M	UCLA	ADHD	35426	False
sub-70074	1	26.0	M	UCLA	ADHD	35426	False
sub-70075	1	32.0	M	UCLA	ADHD	35426	False
sub-70076	1	48.0	F	UCLA	ADHD	35426	False
sub-70077	1	23.0	F	UCLA	ADHD	35426	False
sub-70079	1	21.0	M	UCLA	ADHD	35426	False
sub-70080	1	48.0	M	UCLA	ADHD	35426	False
sub-70081	1	50.0	M	UCLA	ADHD	35426	False
sub-70083	1	46.0	F	UCLA	ADHD	35426	False
sub-70086	1	48.0	M	UCLA	ADHD	35426	False
